match_id,game_id,player,player_id,tag,team,rating_atk,rating_def,acs_atk,acs_def,k_atk,k_def,d_atk,d_def,a_atk,a_def,kast_atk,kast_def,adr_atk,adr_def,hs_atk,hs_def,fk_atk,fk_def,fd_atk,fd_def
430514,196410,dos9,16215,BME,BOOM Esports,0.93,1.61,157.0,286.0,7.0,13.0,9.0,7.0,3.0,3.0,75.0,75.0,95.0,179.0,33.0,31.0,1.0,0.0,0.0,1.0
430514,196410,BerserX,4874,BME,BOOM Esports,1.39,0.95,272.0,148.0,12.0,6.0,8.0,6.0,1.0,3.0,83.0,75.0,171.0,114.0,32.0,11.0,0.0,1.0,2.0,0.0
430514,196410,Shiro,10739,BME,BOOM Esports,0.75,0.92,155.0,179.0,5.0,8.0,10.0,9.0,5.0,2.0,58.0,75.0,92.0,119.0,9.0,9.0,0.0,1.0,0.0,1.0
430514,196410,NcSlasher,7043,BME,BOOM Esports,0.44,1.15,102.0,226.0,4.0,9.0,9.0,7.0,2.0,3.0,58.0,67.0,62.0,149.0,44.0,40.0,1.0,0.0,1.0,2.0
430514,196410,Famouz,2348,BME,BOOM Esports,0.49,0.68,148.0,136.0,5.0,6.0,10.0,8.0,2.0,0.0,50.0,58.0,100.0,76.0,9.0,17.0,1.0,2.0,6.0,4.0
430514,196410,Meteor,13039,T1,T1,2.0,0.74,412.0,173.0,17.0,8.0,7.0,9.0,1.0,0.0,75.0,67.0,273.0,116.0,36.0,33.0,4.0,2.0,0.0,0.0
430514,196410,stax,485,T1,T1,0.56,1.58,123.0,226.0,5.0,11.0,9.0,5.0,2.0,2.0,67.0,92.0,80.0,147.0,45.0,32.0,1.0,0.0,0.0,1.0
430514,196410,BuZz,804,T1,T1,0.81,1.25,169.0,234.0,7.0,9.0,8.0,6.0,3.0,4.0,75.0,67.0,106.0,148.0,13.0,35.0,1.0,4.0,3.0,0.0
430514,196410,Sylvan,4056,T1,T1,0.41,1.29,84.0,211.0,4.0,10.0,9.0,7.0,2.0,9.0,58.0,92.0,47.0,146.0,38.0,28.0,0.0,2.0,0.0,0.0
430514,196410,iZu,29833,T1,T1,0.54,1.02,106.0,193.0,4.0,8.0,9.0,6.0,3.0,2.0,67.0,75.0,88.0,131.0,21.0,23.0,2.0,1.0,1.0,2.0
430514,196411,Shiro,10739,BME,BOOM Esports,1.41,1.64,228.0,257.0,6.0,12.0,6.0,4.0,8.0,7.0,78.0,92.0,139.0,143.0,28.0,28.0,2.0,3.0,2.0,2.0
430514,196411,BerserX,4874,BME,BOOM Esports,1.21,1.71,225.0,328.0,8.0,14.0,6.0,5.0,1.0,3.0,56.0,92.0,139.0,194.0,33.0,35.0,0.0,3.0,1.0,0.0
430514,196411,Famouz,2348,BME,BOOM Esports,1.03,1.47,164.0,325.0,5.0,14.0,6.0,6.0,1.0,4.0,78.0,75.0,112.0,222.0,17.0,19.0,1.0,1.0,1.0,0.0
430514,196411,NcSlasher,7043,BME,BOOM Esports,0.78,1.26,196.0,182.0,5.0,9.0,9.0,5.0,5.0,8.0,67.0,92.0,130.0,101.0,40.0,36.0,1.0,1.0,1.0,0.0
430514,196411,dos9,16215,BME,BOOM Esports,0.83,0.8,158.0,113.0,4.0,4.0,7.0,7.0,8.0,6.0,67.0,83.0,94.0,91.0,40.0,25.0,0.0,1.0,0.0,1.0
430514,196411,BuZz,804,T1,T1,0.7,2.0,186.0,347.0,7.0,13.0,11.0,3.0,1.0,0.0,58.0,78.0,117.0,215.0,8.0,5.0,1.0,3.0,1.0,2.0
430514,196411,iZu,29833,T1,T1,0.74,1.08,163.0,200.0,5.0,7.0,12.0,5.0,4.0,2.0,50.0,67.0,123.0,121.0,33.0,43.0,2.0,1.0,1.0,0.0
430514,196411,stax,485,T1,T1,0.65,1.17,117.0,209.0,5.0,6.0,10.0,6.0,4.0,6.0,50.0,67.0,78.0,162.0,17.0,25.0,0.0,1.0,1.0,0.0
430514,196411,Sylvan,4056,T1,T1,0.69,0.51,126.0,153.0,6.0,4.0,10.0,8.0,0.0,8.0,50.0,78.0,114.0,99.0,38.0,6.0,0.0,0.0,2.0,0.0
430514,196411,Meteor,13039,T1,T1,0.49,0.46,116.0,131.0,4.0,4.0,10.0,6.0,2.0,1.0,42.0,67.0,72.0,92.0,23.0,27.0,0.0,0.0,4.0,2.0
430514,196412,Famouz,2348,BME,BOOM Esports,1.66,1.54,300.0,335.0,9.0,15.0,6.0,9.0,1.0,3.0,75.0,83.0,175.0,180.0,21.0,9.0,2.0,6.0,1.0,1.0
430514,196412,dos9,16215,BME,BOOM Esports,1.11,1.13,250.0,184.0,6.0,8.0,7.0,8.0,6.0,6.0,88.0,92.0,163.0,144.0,16.0,44.0,0.0,1.0,0.0,0.0
430514,196412,BerserX,4874,BME,BOOM Esports,0.42,0.79,129.0,147.0,4.0,6.0,7.0,9.0,0.0,2.0,38.0,67.0,86.0,112.0,21.0,24.0,2.0,1.0,0.0,0.0
430514,196412,Shiro,10739,BME,BOOM Esports,0.04,0.89,41.0,207.0,0.0,8.0,7.0,9.0,3.0,4.0,38.0,67.0,41.0,138.0,0.0,17.0,0.0,2.0,2.0,0.0
430514,196412,NcSlasher,7043,BME,BOOM Esports,0.23,0.46,81.0,85.0,2.0,3.0,8.0,9.0,5.0,3.0,63.0,67.0,40.0,65.0,0.0,13.0,0.0,0.0,1.0,1.0
430514,196412,Sylvan,4056,T1,T1,1.76,1.5,297.0,183.0,14.0,5.0,6.0,5.0,3.0,10.0,92.0,88.0,187.0,118.0,30.0,18.0,0.0,0.0,0.0,1.0
430514,196412,iZu,29833,T1,T1,1.16,1.74,235.0,367.0,11.0,11.0,8.0,4.0,0.0,1.0,75.0,88.0,146.0,207.0,27.0,23.0,0.0,1.0,2.0,1.0
430514,196412,Meteor,13039,T1,T1,0.82,1.2,172.0,316.0,7.0,9.0,8.0,5.0,3.0,1.0,50.0,88.0,129.0,192.0,39.0,50.0,0.0,2.0,4.0,0.0
430514,196412,stax,485,T1,T1,0.91,1.02,136.0,134.0,6.0,3.0,7.0,4.0,4.0,6.0,67.0,75.0,98.0,93.0,26.0,6.0,1.0,1.0,1.0,1.0
430514,196412,BuZz,804,T1,T1,0.47,1.32,154.0,236.0,6.0,7.0,11.0,4.0,2.0,1.0,58.0,75.0,94.0,150.0,15.0,44.0,1.0,0.0,3.0,1.0
430515,196413,SugarZ3ro,6668,ZETA,ZETA DIVISION,0.48,1.55,97.0,308.0,3.0,13.0,8.0,7.0,5.0,4.0,50.0,83.0,61.0,196.0,33.0,50.0,0.0,2.0,0.0,0.0
430515,196413,Dep,424,ZETA,ZETA DIVISION,1.16,0.88,291.0,222.0,10.0,9.0,8.0,9.0,1.0,2.0,70.0,67.0,167.0,134.0,15.0,15.0,2.0,1.0,4.0,1.0
430515,196413,Xdll,25221,ZETA,ZETA DIVISION,0.92,0.92,216.0,167.0,7.0,7.0,8.0,8.0,0.0,1.0,60.0,75.0,135.0,105.0,50.0,40.0,1.0,2.0,0.0,1.0
430515,196413,CLZ,2615,ZETA,ZETA DIVISION,0.58,1.04,155.0,219.0,5.0,9.0,9.0,9.0,5.0,2.0,70.0,75.0,104.0,138.0,31.0,38.0,0.0,0.0,2.0,2.0
430515,196413,SyouTa,12990,ZETA,ZETA DIVISION,0.58,0.84,163.0,187.0,6.0,8.0,9.0,8.0,1.0,2.0,70.0,58.0,94.0,118.0,43.0,38.0,1.0,0.0,0.0,3.0
430515,196413,Persia,4122,NS,Nongshim RedForce,1.3,1.7,210.0,292.0,11.0,10.0,9.0,5.0,1.0,7.0,75.0,90.0,151.0,182.0,23.0,24.0,0.0,1.0,1.0,1.0
430515,196413,Ivy,31829,NS,Nongshim RedForce,1.14,1.76,286.0,300.0,12.0,12.0,10.0,5.0,2.0,3.0,58.0,90.0,173.0,191.0,30.0,33.0,1.0,2.0,0.0,0.0
430515,196413,Francis,31828,NS,Nongshim RedForce,0.77,1.25,166.0,194.0,6.0,7.0,9.0,6.0,8.0,7.0,67.0,80.0,110.0,125.0,15.0,14.0,0.0,1.0,0.0,0.0
430515,196413,margaret,33576,NS,Nongshim RedForce,0.8,1.04,160.0,186.0,6.0,7.0,9.0,7.0,6.0,4.0,67.0,90.0,97.0,112.0,43.0,18.0,3.0,1.0,1.0,1.0
430515,196413,Dambi,31827,NS,Nongshim RedForce,0.79,0.64,183.0,191.0,6.0,6.0,9.0,8.0,5.0,3.0,67.0,70.0,117.0,109.0,9.0,7.0,3.0,1.0,3.0,2.0
430515,196414,CLZ,2615,ZETA,ZETA DIVISION,1.42,1.1,205.0,182.0,7.0,8.0,4.0,9.0,4.0,5.0,80.0,83.0,125.0,126.0,35.0,44.0,0.0,1.0,0.0,1.0
430515,196414,Dep,424,ZETA,ZETA DIVISION,0.85,1.18,172.0,219.0,6.0,9.0,6.0,9.0,4.0,3.0,70.0,58.0,103.0,132.0,44.0,29.0,2.0,3.0,1.0,2.0
430515,196414,SyouTa,12990,ZETA,ZETA DIVISION,1.02,0.52,207.0,123.0,8.0,5.0,8.0,11.0,2.0,3.0,70.0,58.0,129.0,83.0,39.0,42.0,2.0,1.0,0.0,0.0
430515,196414,SugarZ3ro,6668,ZETA,ZETA DIVISION,1.27,0.22,226.0,70.0,9.0,1.0,6.0,10.0,2.0,6.0,90.0,50.0,159.0,49.0,64.0,8.0,1.0,0.0,1.0,1.0
430515,196414,Xdll,25221,ZETA,ZETA DIVISION,0.19,0.88,119.0,247.0,4.0,9.0,9.0,11.0,1.0,2.0,50.0,58.0,81.0,159.0,13.0,47.0,0.0,1.0,3.0,2.0
430515,196414,Persia,4122,NS,Nongshim RedForce,1.7,0.88,295.0,142.0,14.0,4.0,5.0,7.0,8.0,6.0,83.0,90.0,180.0,90.0,26.0,27.0,1.0,2.0,0.0,0.0
430515,196414,Francis,31828,NS,Nongshim RedForce,1.28,1.24,227.0,224.0,10.0,8.0,7.0,8.0,7.0,8.0,100.0,100.0,150.0,141.0,30.0,32.0,1.0,0.0,1.0,2.0
430515,196414,Ivy,31829,NS,Nongshim RedForce,1.23,1.22,193.0,227.0,9.0,7.0,6.0,6.0,4.0,5.0,92.0,70.0,126.0,147.0,21.0,24.0,1.0,1.0,0.0,2.0
430515,196414,margaret,33576,NS,Nongshim RedForce,1.51,0.79,211.0,98.0,10.0,4.0,4.0,5.0,2.0,0.0,83.0,90.0,135.0,53.0,32.0,100.0,2.0,0.0,2.0,1.0
430515,196414,Dambi,31827,NS,Nongshim RedForce,0.7,1.23,216.0,292.0,7.0,10.0,10.0,8.0,7.0,4.0,75.0,90.0,143.0,167.0,17.0,14.0,1.0,2.0,3.0,0.0
430516,196416,Papi,13219,GE,Global Esports,0.24,1.16,100.0,214.0,1.0,9.0,4.0,7.0,1.0,3.0,50.0,67.0,72.0,149.0,60.0,42.0,0.0,1.0,0.0,0.0
430516,196416,Deryeon,9152,GE,Global Esports,1.35,0.68,195.0,111.0,3.0,5.0,3.0,9.0,1.0,5.0,50.0,67.0,102.0,72.0,7.0,21.0,0.0,0.0,0.0,2.0
430516,196416,Kr1stal,5796,GE,Global Esports,0.39,0.94,102.0,235.0,1.0,8.0,4.0,10.0,2.0,4.0,50.0,83.0,73.0,169.0,50.0,23.0,0.0,3.0,0.0,1.0
430516,196416,kellyS,7437,GE,Global Esports,0.18,0.81,111.0,188.0,1.0,7.0,4.0,12.0,1.0,9.0,25.0,75.0,80.0,126.0,13.0,27.0,0.0,0.0,1.0,0.0
430516,196416,UdoTan,4428,GE,Global Esports,0.01,0.79,5.0,208.0,0.0,9.0,4.0,11.0,0.0,1.0,25.0,67.0,5.0,120.0,0.0,47.0,0.0,3.0,3.0,2.0
430516,196416,Jremy,7405,TS,Team Secret,1.55,2.09,348.0,415.0,14.0,7.0,9.0,1.0,3.0,0.0,75.0,100.0,230.0,228.0,32.0,29.0,4.0,0.0,3.0,0.0
430516,196416,2GE,9735,TS,Team Secret,1.4,1.65,261.0,304.0,12.0,4.0,7.0,3.0,6.0,3.0,100.0,100.0,147.0,180.0,11.0,13.0,1.0,2.0,0.0,0.0
430516,196416,invy,8504,TS,Team Secret,1.23,1.39,223.0,208.0,11.0,3.0,8.0,1.0,7.0,1.0,92.0,100.0,138.0,113.0,53.0,33.0,0.0,1.0,1.0,0.0
430516,196416,JessieVash,2334,TS,Team Secret,0.92,1.96,138.0,222.0,7.0,4.0,7.0,0.0,5.0,3.0,83.0,100.0,97.0,179.0,58.0,38.0,0.0,0.0,1.0,0.0
430516,196416,Wild0reoo,9740,TS,Team Secret,0.8,0.98,153.0,78.0,5.0,1.0,7.0,1.0,5.0,0.0,67.0,100.0,113.0,46.0,24.0,33.0,0.0,1.0,2.0,0.0
430516,196417,UdoTan,4428,GE,Global Esports,0.88,2.33,174.0,509.0,7.0,14.0,9.0,7.0,1.0,2.0,67.0,63.0,119.0,286.0,41.0,15.0,1.0,0.0,2.0,1.0
430516,196417,Kr1stal,5796,GE,Global Esports,1.73,0.91,288.0,136.0,13.0,4.0,6.0,5.0,3.0,1.0,83.0,50.0,205.0,84.0,27.0,26.0,0.0,0.0,2.0,2.0
430516,196417,Papi,13219,GE,Global Esports,1.39,1.16,188.0,214.0,9.0,7.0,6.0,6.0,3.0,2.0,75.0,63.0,109.0,143.0,31.0,47.0,3.0,0.0,0.0,0.0
430516,196417,Deryeon,9152,GE,Global Esports,0.65,0.96,100.0,183.0,4.0,5.0,7.0,6.0,2.0,3.0,58.0,75.0,73.0,124.0,18.0,31.0,0.0,0.0,2.0,2.0
430516,196417,kellyS,7437,GE,Global Esports,1.09,0.2,238.0,97.0,10.0,2.0,10.0,7.0,4.0,2.0,67.0,50.0,149.0,58.0,36.0,11.0,2.0,1.0,0.0,2.0
430516,196417,JessieVash,2334,TS,Team Secret,1.84,0.51,361.0,138.0,11.0,5.0,5.0,10.0,2.0,2.0,88.0,50.0,262.0,94.0,48.0,21.0,1.0,0.0,0.0,1.0
430516,196417,Wild0reoo,9740,TS,Team Secret,0.44,1.32,143.0,280.0,4.0,13.0,7.0,8.0,2.0,1.0,50.0,83.0,105.0,174.0,31.0,50.0,1.0,1.0,0.0,0.0
430516,196417,Jremy,7405,TS,Team Secret,1.11,0.8,306.0,236.0,9.0,9.0,7.0,9.0,0.0,1.0,75.0,50.0,181.0,149.0,26.0,20.0,4.0,3.0,0.0,1.0
430516,196417,invy,8504,TS,Team Secret,0.15,0.93,83.0,207.0,2.0,9.0,7.0,8.0,3.0,3.0,63.0,83.0,60.0,128.0,0.0,29.0,0.0,1.0,0.0,1.0
430516,196417,2GE,9735,TS,Team Secret,0.85,0.35,175.0,52.0,5.0,2.0,6.0,8.0,3.0,2.0,50.0,58.0,113.0,34.0,12.0,33.0,1.0,1.0,1.0,3.0
430516,196418,Papi,13219,GE,Global Esports,1.7,0.93,257.0,127.0,12.0,3.0,5.0,3.0,7.0,2.0,83.0,86.0,166.0,73.0,46.0,20.0,1.0,0.0,0.0,0.0
430516,196418,Deryeon,9152,GE,Global Esports,1.28,1.21,252.0,128.0,12.0,4.0,6.0,1.0,0.0,0.0,83.0,100.0,169.0,100.0,25.0,31.0,1.0,0.0,0.0,0.0
430516,196418,Kr1stal,5796,GE,Global Esports,1.14,1.25,198.0,273.0,8.0,6.0,6.0,4.0,3.0,4.0,75.0,71.0,137.0,185.0,35.0,24.0,1.0,2.0,1.0,2.0
430516,196418,kellyS,7437,GE,Global Esports,0.67,1.93,122.0,348.0,4.0,9.0,8.0,4.0,5.0,2.0,83.0,71.0,95.0,227.0,6.0,36.0,0.0,0.0,1.0,1.0
430516,196418,UdoTan,4428,GE,Global Esports,0.31,1.47,145.0,210.0,6.0,6.0,11.0,2.0,2.0,0.0,75.0,86.0,92.0,140.0,21.0,13.0,5.0,2.0,2.0,0.0
430516,196418,Jremy,7405,TS,Team Secret,1.07,0.89,224.0,165.0,5.0,8.0,5.0,7.0,0.0,0.0,29.0,67.0,116.0,95.0,40.0,22.0,2.0,1.0,0.0,3.0
430516,196418,2GE,9735,TS,Team Secret,0.38,1.05,81.0,217.0,2.0,8.0,5.0,8.0,0.0,5.0,43.0,92.0,53.0,129.0,13.0,14.0,1.0,2.0,1.0,1.0
430516,196418,JessieVash,2334,TS,Team Secret,0.05,1.22,69.0,284.0,1.0,11.0,7.0,10.0,2.0,1.0,43.0,50.0,57.0,190.0,33.0,61.0,0.0,1.0,2.0,2.0
430516,196418,Wild0reoo,9740,TS,Team Secret,0.49,0.93,70.0,205.0,2.0,7.0,5.0,9.0,1.0,3.0,57.0,83.0,42.0,154.0,0.0,38.0,0.0,0.0,1.0,0.0
430516,196418,invy,8504,TS,Team Secret,0.95,0.52,199.0,67.0,4.0,2.0,6.0,8.0,3.0,6.0,86.0,75.0,120.0,51.0,25.0,20.0,0.0,0.0,0.0,2.0
430517,196419,Meiy,6672,DFM,DetonatioN FocusMe,1.5,1.75,302.0,344.0,16.0,16.0,9.0,9.0,0.0,1.0,69.0,69.0,197.0,223.0,36.0,45.0,3.0,1.0,1.0,3.0
430517,196419,Jinboong,4052,DFM,DetonatioN FocusMe,0.79,0.98,199.0,203.0,10.0,9.0,10.0,9.0,0.0,3.0,54.0,77.0,112.0,141.0,53.0,36.0,1.0,0.0,2.0,2.0
430517,196419,Art,10627,DFM,DetonatioN FocusMe,0.75,0.93,142.0,232.0,6.0,10.0,8.0,11.0,1.0,4.0,77.0,62.0,95.0,144.0,15.0,6.0,1.0,2.0,2.0,2.0
430517,196419,Akame,13002,DFM,DetonatioN FocusMe,0.67,0.85,151.0,161.0,6.0,7.0,10.0,10.0,3.0,5.0,85.0,69.0,96.0,123.0,25.0,50.0,1.0,0.0,1.0,1.0
430517,196419,gyen,48577,DFM,DetonatioN FocusMe,0.87,0.59,176.0,91.0,8.0,5.0,9.0,9.0,6.0,2.0,69.0,54.0,108.0,78.0,30.0,31.0,1.0,0.0,0.0,2.0
430517,196419,Jemkin,24895,RRQ,Rex Regum Qeon,1.14,1.54,255.0,280.0,12.0,13.0,10.0,8.0,2.0,3.0,77.0,85.0,178.0,161.0,32.0,15.0,4.0,3.0,1.0,2.0
430517,196419,Kushy,4866,RRQ,Rex Regum Qeon,1.09,1.41,172.0,274.0,9.0,12.0,8.0,9.0,4.0,5.0,69.0,85.0,117.0,167.0,38.0,53.0,1.0,1.0,0.0,1.0
430517,196419,xffero,4871,RRQ,Rex Regum Qeon,0.75,1.07,149.0,179.0,7.0,9.0,9.0,9.0,3.0,6.0,62.0,85.0,89.0,133.0,46.0,28.0,1.0,1.0,0.0,1.0
430517,196419,Monyet,8497,RRQ,Rex Regum Qeon,1.24,0.51,245.0,100.0,13.0,5.0,10.0,9.0,3.0,5.0,85.0,46.0,163.0,65.0,41.0,56.0,2.0,0.0,0.0,1.0
430517,196419,Estrella,25025,RRQ,Rex Regum Qeon,0.82,0.7,182.0,167.0,7.0,7.0,10.0,11.0,11.0,5.0,85.0,69.0,120.0,115.0,24.0,8.0,2.0,1.0,2.0,2.0
430517,196420,Jinboong,4052,DFM,DetonatioN FocusMe,0.97,0.82,244.0,170.0,4.0,7.0,3.0,8.0,0.0,0.0,75.0,75.0,156.0,116.0,50.0,24.0,1.0,2.0,1.0,2.0
430517,196420,Art,10627,DFM,DetonatioN FocusMe,0.32,1.02,36.0,250.0,1.0,10.0,3.0,10.0,0.0,3.0,25.0,67.0,16.0,158.0,0.0,45.0,0.0,1.0,0.0,2.0
430517,196420,Meiy,6672,DFM,DetonatioN FocusMe,0.65,0.59,239.0,142.0,4.0,6.0,4.0,11.0,0.0,3.0,75.0,75.0,150.0,96.0,67.0,21.0,1.0,1.0,0.0,1.0
430517,196420,gyen,48577,DFM,DetonatioN FocusMe,1.34,0.22,176.0,86.0,3.0,1.0,2.0,10.0,1.0,8.0,50.0,75.0,104.0,66.0,25.0,28.0,0.0,1.0,0.0,0.0
430517,196420,Akame,13002,DFM,DetonatioN FocusMe,0.02,0.52,16.0,187.0,0.0,8.0,4.0,12.0,1.0,1.0,25.0,75.0,16.0,114.0,0.0,35.0,0.0,0.0,1.0,2.0
430517,196420,Kushy,4866,RRQ,Rex Regum Qeon,1.58,1.63,249.0,265.0,11.0,4.0,6.0,2.0,5.0,0.0,92.0,100.0,192.0,162.0,31.0,63.0,1.0,0.0,0.0,0.0
430517,196420,Jemkin,24895,RRQ,Rex Regum Qeon,1.45,1.82,318.0,399.0,15.0,6.0,9.0,3.0,1.0,0.0,83.0,75.0,217.0,236.0,46.0,21.0,4.0,1.0,3.0,0.0
430517,196420,Estrella,25025,RRQ,Rex Regum Qeon,1.77,0.81,207.0,192.0,11.0,3.0,3.0,3.0,1.0,1.0,83.0,50.0,150.0,103.0,48.0,29.0,1.0,1.0,1.0,1.0
430517,196420,Monyet,8497,RRQ,Rex Regum Qeon,1.09,0.9,205.0,106.0,9.0,1.0,8.0,2.0,4.0,3.0,92.0,100.0,133.0,75.0,53.0,17.0,0.0,0.0,0.0,0.0
430517,196420,xffero,4871,RRQ,Rex Regum Qeon,0.78,1.08,117.0,133.0,5.0,2.0,6.0,2.0,4.0,1.0,75.0,100.0,71.0,93.0,20.0,40.0,1.0,0.0,1.0,1.0
430517,196421,Akame,13002,DFM,DetonatioN FocusMe,1.76,0.97,378.0,222.0,6.0,9.0,3.0,10.0,1.0,3.0,100.0,67.0,243.0,145.0,42.0,47.0,2.0,1.0,0.0,3.0
430517,196421,gyen,48577,DFM,DetonatioN FocusMe,1.47,0.58,339.0,161.0,5.0,6.0,3.0,12.0,1.0,2.0,75.0,50.0,221.0,113.0,35.0,15.0,0.0,1.0,0.0,3.0
430517,196421,Jinboong,4052,DFM,DetonatioN FocusMe,0.29,0.77,79.0,103.0,1.0,4.0,3.0,8.0,0.0,2.0,50.0,50.0,53.0,85.0,50.0,17.0,0.0,0.0,0.0,1.0
430517,196421,Meiy,6672,DFM,DetonatioN FocusMe,0.36,0.68,93.0,139.0,1.0,6.0,3.0,10.0,1.0,1.0,25.0,67.0,68.0,80.0,60.0,38.0,0.0,2.0,1.0,1.0
430517,196421,Art,10627,DFM,DetonatioN FocusMe,0.19,0.52,145.0,135.0,2.0,4.0,4.0,10.0,1.0,2.0,75.0,42.0,84.0,90.0,11.0,29.0,0.0,0.0,1.0,0.0
430517,196421,Jemkin,24895,RRQ,Rex Regum Qeon,1.44,3.26,334.0,542.0,15.0,9.0,7.0,2.0,1.0,1.0,67.0,75.0,210.0,302.0,23.0,38.0,4.0,0.0,1.0,0.0
430517,196421,Kushy,4866,RRQ,Rex Regum Qeon,1.33,0.89,250.0,111.0,11.0,1.0,5.0,2.0,1.0,1.0,67.0,75.0,163.0,86.0,29.0,50.0,0.0,1.0,0.0,0.0
430517,196421,xffero,4871,RRQ,Rex Regum Qeon,1.13,1.34,229.0,259.0,10.0,4.0,8.0,3.0,2.0,1.0,92.0,100.0,155.0,209.0,50.0,30.0,2.0,1.0,0.0,1.0
430517,196421,Monyet,8497,RRQ,Rex Regum Qeon,1.36,0.47,202.0,119.0,9.0,1.0,5.0,4.0,10.0,4.0,92.0,75.0,113.0,81.0,29.0,29.0,2.0,0.0,3.0,0.0
430517,196421,Estrella,25025,RRQ,Rex Regum Qeon,1.07,0.33,130.0,106.0,5.0,1.0,4.0,4.0,7.0,5.0,92.0,75.0,81.0,67.0,23.0,0.0,0.0,0.0,0.0,1.0
430518,196422,mindfreak,9800,PRX,Paper Rex,1.31,0.83,187.0,188.0,5.0,7.0,4.0,10.0,2.0,2.0,43.0,58.0,108.0,117.0,50.0,38.0,0.0,1.0,0.0,2.0
430518,196422,Jinggg,7378,PRX,Paper Rex,0.65,1.02,191.0,263.0,4.0,10.0,6.0,11.0,3.0,0.0,71.0,50.0,124.0,159.0,5.0,12.0,0.0,2.0,4.0,3.0
430518,196422,f0rsakeN,9801,PRX,Paper Rex,0.99,0.75,176.0,128.0,4.0,5.0,4.0,10.0,2.0,6.0,86.0,58.0,103.0,75.0,27.0,25.0,0.0,0.0,0.0,1.0
430518,196422,something,17086,PRX,Paper Rex,1.55,0.21,246.0,90.0,7.0,2.0,4.0,11.0,1.0,5.0,86.0,58.0,146.0,65.0,55.0,13.0,1.0,0.0,0.0,1.0
430518,196422,d4v41,9803,PRX,Paper Rex,0.33,0.91,130.0,186.0,3.0,7.0,7.0,9.0,3.0,3.0,86.0,67.0,82.0,131.0,57.0,22.0,1.0,1.0,1.0,1.0
430518,196422,BuZz,804,T1,T1,1.77,1.24,370.0,240.0,16.0,7.0,7.0,4.0,2.0,1.0,100.0,71.0,235.0,147.0,26.0,21.0,2.0,2.0,0.0,0.0
430518,196422,Sylvan,4056,T1,T1,1.62,0.75,240.0,158.0,10.0,4.0,5.0,5.0,11.0,4.0,100.0,57.0,167.0,98.0,41.0,17.0,0.0,1.0,1.0,1.0
430518,196422,stax,485,T1,T1,0.74,1.74,106.0,353.0,4.0,7.0,6.0,4.0,8.0,7.0,75.0,86.0,70.0,242.0,6.0,32.0,1.0,1.0,1.0,0.0
430518,196422,iZu,29833,T1,T1,1.36,0.51,236.0,113.0,11.0,2.0,6.0,5.0,3.0,2.0,92.0,71.0,150.0,82.0,26.0,18.0,3.0,0.0,0.0,1.0
430518,196422,Meteor,13039,T1,T1,0.89,1.13,177.0,200.0,9.0,5.0,7.0,5.0,1.0,1.0,83.0,57.0,103.0,118.0,39.0,44.0,2.0,1.0,2.0,0.0
430518,196423,f0rsakeN,9801,PRX,Paper Rex,2.65,1.03,441.0,198.0,17.0,7.0,3.0,8.0,1.0,5.0,89.0,75.0,290.0,142.0,56.0,23.0,1.0,2.0,0.0,1.0
430518,196423,Jinggg,7378,PRX,Paper Rex,1.25,1.68,247.0,286.0,8.0,13.0,6.0,6.0,3.0,0.0,78.0,83.0,226.0,164.0,31.0,18.0,1.0,3.0,1.0,1.0
430518,196423,mindfreak,9800,PRX,Paper Rex,0.94,0.88,133.0,133.0,3.0,4.0,5.0,8.0,10.0,8.0,89.0,67.0,75.0,101.0,57.0,33.0,0.0,0.0,0.0,1.0
430518,196423,something,17086,PRX,Paper Rex,0.68,1.05,155.0,165.0,5.0,8.0,6.0,6.0,4.0,3.0,78.0,83.0,107.0,107.0,36.0,25.0,1.0,0.0,2.0,1.0
430518,196423,d4v41,9803,PRX,Paper Rex,1.13,0.6,215.0,170.0,7.0,6.0,5.0,9.0,2.0,1.0,89.0,67.0,147.0,127.0,21.0,26.0,2.0,0.0,1.0,3.0
430518,196423,Meteor,13039,T1,T1,0.76,1.52,206.0,321.0,8.0,11.0,11.0,8.0,3.0,1.0,83.0,89.0,160.0,188.0,20.0,26.0,2.0,1.0,1.0,0.0
430518,196423,BuZz,804,T1,T1,1.34,0.43,193.0,128.0,11.0,3.0,6.0,8.0,1.0,0.0,67.0,22.0,117.0,94.0,33.0,42.0,2.0,1.0,1.0,1.0
430518,196423,stax,485,T1,T1,0.95,0.88,178.0,160.0,7.0,4.0,7.0,7.0,4.0,3.0,75.0,56.0,111.0,107.0,18.0,13.0,1.0,0.0,0.0,1.0
430518,196423,iZu,29833,T1,T1,1.19,0.24,192.0,106.0,8.0,3.0,7.0,9.0,2.0,1.0,67.0,56.0,131.0,67.0,16.0,8.0,1.0,1.0,1.0,1.0
430518,196423,Sylvan,4056,T1,T1,0.64,0.6,100.0,141.0,3.0,4.0,7.0,8.0,8.0,6.0,83.0,78.0,64.0,89.0,15.0,14.0,1.0,1.0,2.0,2.0
430518,196424,d4v41,9803,PRX,Paper Rex,1.39,1.55,216.0,336.0,11.0,16.0,7.0,10.0,4.0,0.0,83.0,92.0,140.0,225.0,43.0,33.0,0.0,1.0,0.0,0.0
430518,196424,mindfreak,9800,PRX,Paper Rex,0.94,1.06,166.0,240.0,7.0,9.0,9.0,9.0,3.0,7.0,50.0,83.0,104.0,175.0,30.0,21.0,0.0,0.0,0.0,0.0
430518,196424,something,17086,PRX,Paper Rex,0.91,0.93,213.0,196.0,8.0,9.0,10.0,9.0,3.0,1.0,75.0,67.0,142.0,118.0,28.0,11.0,2.0,2.0,3.0,1.0
430518,196424,Jinggg,7378,PRX,Paper Rex,1.03,0.79,208.0,179.0,9.0,7.0,9.0,9.0,2.0,4.0,92.0,58.0,120.0,128.0,16.0,14.0,4.0,4.0,1.0,1.0
430518,196424,f0rsakeN,9801,PRX,Paper Rex,0.6,0.53,166.0,148.0,6.0,6.0,12.0,11.0,7.0,5.0,83.0,67.0,95.0,112.0,29.0,15.0,0.0,2.0,2.0,1.0
430518,196424,stax,485,T1,T1,1.5,1.79,225.0,346.0,10.0,14.0,7.0,6.0,6.0,4.0,92.0,75.0,158.0,244.0,36.0,28.0,0.0,1.0,1.0,2.0
430518,196424,iZu,29833,T1,T1,1.53,0.73,297.0,175.0,12.0,6.0,9.0,10.0,5.0,6.0,75.0,75.0,206.0,141.0,33.0,35.0,0.0,1.0,2.0,1.0
430518,196424,BuZz,804,T1,T1,0.9,0.89,220.0,236.0,8.0,10.0,11.0,10.0,6.0,1.0,67.0,67.0,151.0,155.0,12.0,15.0,1.0,2.0,2.0,2.0
430518,196424,Sylvan,4056,T1,T1,0.87,0.91,215.0,196.0,9.0,8.0,10.0,8.0,6.0,4.0,75.0,75.0,118.0,141.0,42.0,21.0,0.0,1.0,1.0,1.0
430518,196424,Meteor,13039,T1,T1,0.69,0.97,195.0,188.0,9.0,9.0,10.0,7.0,1.0,0.0,42.0,67.0,116.0,118.0,33.0,36.0,2.0,1.0,3.0,0.0
430519,196425,JitBoyS,13788,TLN,TALON,0.82,1.68,164.0,331.0,7.0,8.0,10.0,5.0,4.0,6.0,67.0,86.0,99.0,176.0,73.0,29.0,1.0,1.0,1.0,0.0
430519,196425,ban,5129,TLN,TALON,0.27,2.04,97.0,375.0,4.0,11.0,10.0,3.0,2.0,0.0,42.0,86.0,56.0,207.0,50.0,54.0,1.0,2.0,3.0,1.0
430519,196425,primmie,25255,TLN,TALON,0.69,0.76,173.0,193.0,7.0,4.0,10.0,5.0,2.0,2.0,50.0,100.0,117.0,126.0,27.0,43.0,0.0,0.0,0.0,0.0
430519,196425,Crws,3977,TLN,TALON,0.83,0.26,210.0,125.0,8.0,3.0,11.0,6.0,2.0,2.0,83.0,29.0,144.0,83.0,47.0,38.0,1.0,0.0,0.0,1.0
430519,196425,Governor,3980,TLN,TALON,0.34,0.66,115.0,117.0,4.0,3.0,11.0,4.0,2.0,0.0,58.0,71.0,74.0,75.0,21.0,25.0,1.0,1.0,4.0,1.0
430519,196425,UdoTan,4428,GE,Global Esports,1.29,1.81,258.0,354.0,7.0,16.0,5.0,8.0,0.0,2.0,71.0,83.0,160.0,227.0,40.0,23.0,0.0,3.0,1.0,1.0
430519,196425,Kr1stal,5796,GE,Global Esports,0.99,1.93,188.0,304.0,5.0,14.0,5.0,4.0,0.0,5.0,57.0,92.0,116.0,181.0,33.0,16.0,1.0,1.0,2.0,0.0
430519,196425,Papi,13219,GE,Global Esports,0.32,1.79,135.0,277.0,3.0,13.0,7.0,5.0,1.0,10.0,71.0,83.0,78.0,185.0,80.0,50.0,1.0,2.0,0.0,1.0
430519,196425,Deryeon,9152,GE,Global Esports,0.6,0.93,129.0,106.0,3.0,5.0,6.0,5.0,2.0,2.0,57.0,83.0,78.0,88.0,25.0,40.0,1.0,1.0,0.0,0.0
430519,196425,kellyS,7437,GE,Global Esports,0.86,0.68,172.0,132.0,5.0,4.0,6.0,8.0,0.0,6.0,57.0,58.0,103.0,94.0,44.0,11.0,0.0,1.0,1.0,2.0
430519,196426,JitBoyS,13788,TLN,TALON,0.92,1.66,196.0,277.0,9.0,10.0,9.0,3.0,2.0,2.0,67.0,90.0,143.0,166.0,25.0,71.0,2.0,3.0,2.0,0.0
430519,196426,primmie,25255,TLN,TALON,1.05,0.96,264.0,135.0,11.0,5.0,10.0,3.0,2.0,2.0,92.0,90.0,151.0,99.0,69.0,40.0,2.0,0.0,0.0,0.0
430519,196426,Crws,3977,TLN,TALON,1.0,0.77,140.0,77.0,6.0,3.0,7.0,3.0,1.0,2.0,67.0,70.0,110.0,52.0,25.0,22.0,0.0,0.0,0.0,0.0
430519,196426,Governor,3980,TLN,TALON,0.33,1.49,125.0,291.0,5.0,10.0,10.0,5.0,2.0,0.0,50.0,70.0,69.0,170.0,13.0,27.0,1.0,4.0,3.0,0.0
430519,196426,ban,5129,TLN,TALON,1.02,0.63,197.0,126.0,8.0,4.0,8.0,6.0,2.0,2.0,58.0,80.0,144.0,94.0,42.0,42.0,0.0,1.0,2.0,1.0
430519,196426,UdoTan,4428,GE,Global Esports,1.08,1.33,233.0,288.0,8.0,12.0,7.0,8.0,1.0,2.0,50.0,83.0,136.0,189.0,42.0,39.0,0.0,1.0,3.0,1.0
430519,196426,Kr1stal,5796,GE,Global Esports,0.75,1.57,136.0,254.0,4.0,11.0,6.0,6.0,0.0,3.0,70.0,83.0,102.0,170.0,27.0,30.0,0.0,2.0,1.0,0.0
430519,196426,Papi,13219,GE,Global Esports,0.5,1.18,36.0,213.0,1.0,9.0,5.0,7.0,0.0,2.0,80.0,75.0,25.0,149.0,13.0,55.0,0.0,1.0,1.0,1.0
430519,196426,kellyS,7437,GE,Global Esports,0.88,0.7,144.0,131.0,5.0,5.0,6.0,8.0,3.0,1.0,60.0,75.0,90.0,78.0,38.0,58.0,1.0,0.0,0.0,1.0
430519,196426,Deryeon,9152,GE,Global Esports,0.12,0.66,30.0,163.0,1.0,7.0,8.0,10.0,0.0,2.0,30.0,58.0,20.0,103.0,50.0,20.0,0.0,3.0,3.0,2.0
430519,196427,primmie,25255,TLN,TALON,1.79,1.24,324.0,243.0,14.0,9.0,6.0,5.0,5.0,1.0,83.0,78.0,188.0,158.0,26.0,35.0,1.0,1.0,0.0,1.0
430519,196427,Governor,3980,TLN,TALON,0.87,1.42,180.0,281.0,7.0,9.0,8.0,5.0,3.0,4.0,75.0,89.0,117.0,179.0,36.0,19.0,2.0,3.0,3.0,1.0
430519,196427,JitBoyS,13788,TLN,TALON,0.78,1.2,197.0,171.0,9.0,7.0,10.0,5.0,1.0,2.0,50.0,78.0,115.0,108.0,41.0,22.0,0.0,1.0,2.0,1.0
430519,196427,ban,5129,TLN,TALON,0.77,0.92,143.0,194.0,6.0,6.0,7.0,6.0,2.0,3.0,58.0,89.0,95.0,129.0,42.0,38.0,1.0,1.0,3.0,0.0
430519,196427,Crws,3977,TLN,TALON,0.74,0.78,99.0,141.0,2.0,4.0,6.0,4.0,8.0,3.0,58.0,78.0,72.0,112.0,11.0,35.0,0.0,0.0,0.0,0.0
430519,196427,Deryeon,9152,GE,Global Esports,0.9,1.57,230.0,224.0,7.0,11.0,7.0,5.0,1.0,1.0,56.0,83.0,150.0,143.0,38.0,36.0,1.0,2.0,2.0,1.0
430519,196427,Kr1stal,5796,GE,Global Esports,0.34,1.29,85.0,270.0,2.0,10.0,7.0,8.0,1.0,3.0,56.0,67.0,66.0,188.0,20.0,30.0,0.0,2.0,0.0,0.0
430519,196427,Papi,13219,GE,Global Esports,1.39,0.32,288.0,83.0,10.0,3.0,7.0,8.0,1.0,2.0,78.0,58.0,178.0,59.0,32.0,25.0,2.0,0.0,0.0,2.0
430519,196427,UdoTan,4428,GE,Global Esports,0.43,0.93,97.0,207.0,3.0,8.0,7.0,10.0,1.0,1.0,44.0,67.0,54.0,128.0,29.0,39.0,0.0,2.0,2.0,1.0
430519,196427,kellyS,7437,GE,Global Esports,0.52,0.62,126.0,122.0,3.0,4.0,7.0,7.0,4.0,2.0,67.0,67.0,86.0,90.0,44.0,25.0,0.0,2.0,2.0,0.0
430520,196428,yoman,25081,GEN,Gen.G,0.29,1.97,79.0,329.0,2.0,9.0,11.0,4.0,1.0,1.0,25.0,86.0,64.0,218.0,6.0,36.0,0.0,0.0,0.0,0.0
430520,196428,Karon,34974,GEN,Gen.G,0.54,1.34,122.0,153.0,4.0,4.0,11.0,3.0,6.0,4.0,50.0,71.0,86.0,108.0,33.0,36.0,0.0,0.0,1.0,1.0
430520,196428,Munchkin,2489,GEN,Gen.G,0.54,0.84,169.0,203.0,7.0,6.0,12.0,6.0,2.0,1.0,50.0,71.0,129.0,144.0,28.0,11.0,0.0,0.0,2.0,0.0
430520,196428,Foxy9,11600,GEN,Gen.G,0.63,0.6,193.0,161.0,8.0,5.0,12.0,5.0,0.0,0.0,50.0,71.0,118.0,108.0,40.0,21.0,1.0,2.0,2.0,0.0
430520,196428,t3xture,9196,GEN,Gen.G,0.43,0.89,133.0,246.0,5.0,6.0,12.0,5.0,0.0,1.0,58.0,57.0,86.0,163.0,9.0,19.0,1.0,3.0,5.0,1.0
430520,196428,Kushy,4866,RRQ,Rex Regum Qeon,0.75,1.99,163.0,335.0,4.0,15.0,6.0,4.0,3.0,4.0,71.0,92.0,95.0,220.0,25.0,32.0,0.0,2.0,1.0,0.0
430520,196428,Estrella,25025,RRQ,Rex Regum Qeon,0.65,1.6,138.0,230.0,3.0,10.0,6.0,4.0,1.0,13.0,57.0,100.0,132.0,156.0,38.0,29.0,0.0,2.0,0.0,2.0
430520,196428,Monyet,8497,RRQ,Rex Regum Qeon,0.86,1.36,242.0,219.0,6.0,11.0,6.0,6.0,1.0,2.0,71.0,83.0,169.0,127.0,27.0,24.0,0.0,2.0,1.0,0.0
430520,196428,xffero,4871,RRQ,Rex Regum Qeon,0.49,1.57,128.0,261.0,3.0,13.0,6.0,5.0,0.0,2.0,57.0,100.0,100.0,152.0,31.0,14.0,0.0,3.0,2.0,0.0
430520,196428,Jemkin,24895,RRQ,Rex Regum Qeon,1.25,1.1,302.0,213.0,7.0,9.0,6.0,7.0,2.0,6.0,86.0,83.0,148.0,142.0,45.0,26.0,2.0,1.0,1.0,0.0
430520,196429,Foxy9,11600,GEN,Gen.G,1.22,1.76,261.0,288.0,10.0,10.0,8.0,5.0,1.0,3.0,42.0,89.0,156.0,174.0,53.0,24.0,1.0,0.0,0.0,0.0
430520,196429,Karon,34974,GEN,Gen.G,1.39,1.25,227.0,175.0,10.0,7.0,6.0,4.0,3.0,3.0,83.0,89.0,138.0,94.0,22.0,19.0,0.0,1.0,1.0,2.0
430520,196429,t3xture,9196,GEN,Gen.G,0.69,1.73,148.0,378.0,6.0,14.0,9.0,5.0,1.0,1.0,67.0,78.0,85.0,250.0,27.0,22.0,4.0,2.0,3.0,1.0
430520,196429,yoman,25081,GEN,Gen.G,0.76,1.05,133.0,175.0,5.0,4.0,7.0,4.0,4.0,6.0,67.0,100.0,86.0,109.0,26.0,31.0,0.0,1.0,1.0,0.0
430520,196429,Munchkin,2489,GEN,Gen.G,0.44,1.07,98.0,156.0,4.0,5.0,9.0,4.0,2.0,3.0,67.0,78.0,57.0,108.0,9.0,20.0,1.0,2.0,1.0,0.0
430520,196429,Kushy,4866,RRQ,Rex Regum Qeon,0.79,1.33,171.0,224.0,5.0,10.0,7.0,7.0,2.0,6.0,56.0,67.0,119.0,132.0,56.0,39.0,0.0,1.0,0.0,3.0
430520,196429,Monyet,8497,RRQ,Rex Regum Qeon,0.44,1.34,124.0,221.0,3.0,11.0,8.0,7.0,3.0,2.0,44.0,75.0,88.0,152.0,20.0,43.0,0.0,1.0,3.0,0.0
430520,196429,Jemkin,24895,RRQ,Rex Regum Qeon,0.71,1.07,199.0,210.0,5.0,8.0,8.0,8.0,1.0,6.0,78.0,75.0,129.0,140.0,21.0,16.0,1.0,2.0,2.0,2.0
430520,196429,Estrella,25025,RRQ,Rex Regum Qeon,1.11,0.6,239.0,75.0,7.0,4.0,8.0,6.0,4.0,1.0,56.0,67.0,163.0,56.0,54.0,67.0,2.0,0.0,1.0,1.0
430520,196429,xffero,4871,RRQ,Rex Regum Qeon,0.21,0.89,59.0,138.0,2.0,6.0,9.0,7.0,2.0,3.0,44.0,75.0,48.0,85.0,40.0,47.0,0.0,2.0,0.0,0.0
430520,196430,Munchkin,2489,GEN,Gen.G,1.15,1.34,246.0,236.0,11.0,10.0,9.0,7.0,4.0,2.0,77.0,62.0,157.0,144.0,38.0,21.0,2.0,0.0,1.0,0.0
430520,196430,Karon,34974,GEN,Gen.G,1.22,1.15,228.0,204.0,9.0,10.0,9.0,7.0,5.0,3.0,77.0,69.0,182.0,131.0,25.0,31.0,1.0,0.0,2.0,3.0
430520,196430,t3xture,9196,GEN,Gen.G,1.38,0.82,242.0,210.0,13.0,9.0,8.0,10.0,4.0,1.0,69.0,46.0,152.0,127.0,39.0,15.0,1.0,2.0,4.0,5.0
430520,196430,Foxy9,11600,GEN,Gen.G,0.52,1.09,100.0,255.0,4.0,12.0,10.0,9.0,2.0,0.0,54.0,69.0,76.0,150.0,21.0,60.0,0.0,1.0,1.0,1.0
430520,196430,yoman,25081,GEN,Gen.G,0.73,0.58,133.0,56.0,6.0,2.0,9.0,7.0,4.0,4.0,69.0,62.0,87.0,45.0,20.0,40.0,0.0,0.0,1.0,1.0
430520,196430,Jemkin,24895,RRQ,Rex Regum Qeon,1.66,1.28,395.0,267.0,17.0,12.0,11.0,8.0,2.0,0.0,100.0,69.0,257.0,163.0,45.0,17.0,8.0,4.0,0.0,1.0
430520,196430,Kushy,4866,RRQ,Rex Regum Qeon,0.75,1.74,122.0,381.0,6.0,16.0,8.0,8.0,1.0,3.0,62.0,92.0,76.0,249.0,40.0,39.0,2.0,3.0,0.0,0.0
430520,196430,Estrella,25025,RRQ,Rex Regum Qeon,0.57,1.01,94.0,211.0,5.0,9.0,10.0,10.0,4.0,4.0,77.0,69.0,65.0,129.0,38.0,52.0,0.0,2.0,0.0,0.0
430520,196430,xffero,4871,RRQ,Rex Regum Qeon,1.14,0.44,182.0,80.0,8.0,4.0,7.0,9.0,3.0,3.0,69.0,54.0,129.0,63.0,33.0,26.0,0.0,0.0,1.0,1.0
430520,196430,Monyet,8497,RRQ,Rex Regum Qeon,0.6,0.7,78.0,92.0,4.0,4.0,7.0,8.0,2.0,9.0,54.0,69.0,60.0,55.0,40.0,45.0,0.0,0.0,2.0,2.0
430521,196431,MaKo,4462,KRX,KIWOOM DRX,0.92,1.64,218.0,321.0,8.0,14.0,10.0,8.0,6.0,2.0,75.0,100.0,149.0,191.0,24.0,47.0,2.0,3.0,1.0,0.0
430521,196431,free1ng,1916,KRX,KIWOOM DRX,1.25,1.23,241.0,202.0,11.0,10.0,8.0,6.0,4.0,1.0,83.0,75.0,165.0,130.0,32.0,44.0,0.0,1.0,0.0,1.0
430521,196431,HYUNMIN,28400,KRX,KIWOOM DRX,1.36,1.04,352.0,241.0,16.0,9.0,10.0,8.0,1.0,1.0,83.0,83.0,232.0,162.0,36.0,28.0,5.0,2.0,2.0,1.0
430521,196431,BeYN,4678,KRX,KIWOOM DRX,0.85,0.96,197.0,110.0,9.0,4.0,9.0,6.0,1.0,6.0,75.0,83.0,133.0,78.0,37.0,21.0,0.0,0.0,1.0,0.0
430521,196431,Flashback,35013,KRX,KIWOOM DRX,0.19,0.8,52.0,204.0,1.0,7.0,9.0,9.0,4.0,3.0,75.0,75.0,37.0,144.0,22.0,32.0,0.0,0.0,1.0,4.0
430521,196431,Ivy,31829,NS,Nongshim RedForce,1.25,1.09,232.0,213.0,11.0,5.0,8.0,9.0,2.0,16.0,83.0,100.0,124.0,150.0,47.0,19.0,1.0,0.0,2.0,0.0
430521,196431,Francis,31828,NS,Nongshim RedForce,0.6,1.66,147.0,303.0,5.0,13.0,10.0,8.0,7.0,3.0,75.0,75.0,97.0,176.0,21.0,38.0,1.0,3.0,1.0,0.0
430521,196431,margaret,33576,NS,Nongshim RedForce,1.22,0.84,187.0,173.0,9.0,7.0,7.0,8.0,2.0,4.0,83.0,58.0,111.0,107.0,18.0,23.0,1.0,2.0,0.0,2.0
430521,196431,Persia,4122,NS,Nongshim RedForce,0.91,1.04,157.0,214.0,7.0,9.0,8.0,10.0,6.0,6.0,75.0,67.0,108.0,118.0,38.0,26.0,0.0,0.0,0.0,1.0
430521,196431,Dambi,31827,NS,Nongshim RedForce,0.37,0.9,141.0,221.0,5.0,12.0,11.0,10.0,6.0,2.0,75.0,83.0,83.0,106.0,16.0,20.0,3.0,0.0,3.0,4.0
430521,196432,HYUNMIN,28400,KRX,KIWOOM DRX,1.04,1.27,289.0,246.0,6.0,10.0,7.0,7.0,4.0,2.0,71.0,83.0,177.0,152.0,29.0,19.0,3.0,2.0,2.0,1.0
430521,196432,free1ng,1916,KRX,KIWOOM DRX,0.76,1.17,180.0,288.0,4.0,11.0,6.0,10.0,1.0,4.0,71.0,67.0,138.0,180.0,28.0,27.0,0.0,3.0,0.0,1.0
430521,196432,Flashback,35013,KRX,KIWOOM DRX,0.42,1.24,179.0,226.0,4.0,9.0,7.0,6.0,2.0,2.0,71.0,92.0,122.0,169.0,21.0,18.0,0.0,0.0,0.0,0.0
430521,196432,BeYN,4678,KRX,KIWOOM DRX,1.24,0.37,151.0,93.0,4.0,3.0,4.0,9.0,3.0,1.0,86.0,58.0,82.0,67.0,14.0,36.0,0.0,0.0,0.0,2.0
430521,196432,MaKo,4462,KRX,KIWOOM DRX,0.3,0.65,81.0,167.0,2.0,7.0,6.0,8.0,1.0,3.0,29.0,83.0,60.0,108.0,17.0,30.0,0.0,2.0,2.0,1.0
430521,196432,Ivy,31829,NS,Nongshim RedForce,1.52,1.21,241.0,199.0,12.0,5.0,6.0,3.0,3.0,0.0,75.0,71.0,145.0,129.0,30.0,20.0,0.0,2.0,0.0,1.0
430521,196432,Francis,31828,NS,Nongshim RedForce,1.2,1.3,215.0,200.0,8.0,6.0,8.0,4.0,9.0,1.0,92.0,86.0,145.0,109.0,26.0,7.0,0.0,2.0,1.0,0.0
430521,196432,Persia,4122,NS,Nongshim RedForce,0.66,1.78,102.0,263.0,4.0,7.0,8.0,2.0,2.0,6.0,58.0,100.0,61.0,182.0,15.0,54.0,0.0,0.0,2.0,0.0
430521,196432,margaret,33576,NS,Nongshim RedForce,0.94,1.05,225.0,224.0,10.0,7.0,9.0,4.0,0.0,1.0,67.0,86.0,135.0,134.0,38.0,36.0,1.0,0.0,1.0,1.0
430521,196432,Dambi,31827,NS,Nongshim RedForce,0.75,0.79,150.0,258.0,6.0,5.0,9.0,7.0,2.0,8.0,75.0,100.0,94.0,185.0,13.0,23.0,4.0,0.0,3.0,1.0
430521,196433,free1ng,1916,KRX,KIWOOM DRX,1.13,1.3,214.0,260.0,9.0,13.0,6.0,8.0,2.0,1.0,90.0,75.0,137.0,151.0,24.0,33.0,0.0,2.0,0.0,1.0
430521,196433,Flashback,35013,KRX,KIWOOM DRX,1.54,0.86,307.0,138.0,12.0,6.0,6.0,7.0,3.0,1.0,90.0,67.0,194.0,111.0,10.0,24.0,2.0,1.0,1.0,1.0
430521,196433,MaKo,4462,KRX,KIWOOM DRX,1.13,1.17,209.0,252.0,7.0,8.0,6.0,10.0,8.0,6.0,80.0,92.0,121.0,162.0,7.0,22.0,1.0,1.0,2.0,0.0
430521,196433,HYUNMIN,28400,KRX,KIWOOM DRX,1.55,0.73,283.0,182.0,10.0,7.0,6.0,10.0,2.0,2.0,90.0,75.0,210.0,128.0,30.0,7.0,2.0,3.0,1.0,2.0
430521,196433,BeYN,4678,KRX,KIWOOM DRX,0.79,0.89,122.0,177.0,4.0,8.0,6.0,9.0,8.0,3.0,80.0,83.0,83.0,128.0,19.0,17.0,0.0,1.0,1.0,0.0
430521,196433,Francis,31828,NS,Nongshim RedForce,1.65,1.04,298.0,190.0,13.0,7.0,7.0,8.0,5.0,5.0,75.0,100.0,212.0,134.0,44.0,24.0,1.0,0.0,1.0,1.0
430521,196433,Persia,4122,NS,Nongshim RedForce,1.03,0.84,194.0,154.0,7.0,5.0,7.0,8.0,11.0,5.0,83.0,80.0,116.0,101.0,41.0,31.0,1.0,0.0,1.0,2.0
430521,196433,Dambi,31827,NS,Nongshim RedForce,0.56,1.18,213.0,288.0,8.0,8.0,12.0,9.0,4.0,4.0,67.0,80.0,122.0,182.0,21.0,31.0,2.0,2.0,5.0,0.0
430521,196433,Ivy,31829,NS,Nongshim RedForce,0.83,0.8,181.0,165.0,7.0,5.0,8.0,8.0,5.0,1.0,92.0,70.0,132.0,105.0,30.0,18.0,0.0,1.0,0.0,0.0
430521,196433,margaret,33576,NS,Nongshim RedForce,1.01,0.43,181.0,157.0,9.0,5.0,8.0,9.0,1.0,1.0,83.0,40.0,137.0,112.0,29.0,16.0,0.0,2.0,1.0,2.0
430522,196434,BuZz,804,T1,T1,0.64,2.05,180.0,342.0,3.0,18.0,5.0,7.0,3.0,1.0,83.0,92.0,118.0,226.0,14.0,11.0,2.0,2.0,0.0,0.0
430522,196434,iZu,29833,T1,T1,1.5,1.5,204.0,161.0,5.0,8.0,2.0,3.0,2.0,4.0,100.0,100.0,129.0,137.0,40.0,29.0,1.0,1.0,0.0,0.0
430522,196434,Meteor,13039,T1,T1,0.55,1.44,167.0,270.0,3.0,12.0,5.0,8.0,0.0,7.0,33.0,83.0,123.0,194.0,33.0,23.0,0.0,3.0,1.0,1.0
430522,196434,Sylvan,4056,T1,T1,0.95,1.21,251.0,278.0,5.0,9.0,5.0,7.0,3.0,9.0,83.0,83.0,166.0,214.0,38.0,14.0,1.0,3.0,0.0,2.0
430522,196434,stax,485,T1,T1,0.54,1.32,60.0,144.0,1.0,7.0,3.0,5.0,5.0,10.0,67.0,92.0,29.0,95.0,50.0,25.0,0.0,0.0,1.0,0.0
430522,196434,primmie,25255,TLN,TALON,0.93,1.4,210.0,225.0,9.0,5.0,10.0,3.0,1.0,0.0,67.0,50.0,145.0,143.0,28.0,31.0,0.0,0.0,1.0,1.0
430522,196434,JitBoyS,13788,TLN,TALON,0.77,0.93,167.0,116.0,7.0,2.0,10.0,4.0,6.0,5.0,92.0,83.0,99.0,78.0,50.0,75.0,0.0,0.0,1.0,1.0
430522,196434,Crws,3977,TLN,TALON,0.33,1.53,123.0,274.0,4.0,6.0,11.0,3.0,2.0,2.0,50.0,67.0,79.0,152.0,4.0,31.0,0.0,1.0,1.0,0.0
430522,196434,ban,5129,TLN,TALON,0.42,1.1,127.0,203.0,5.0,5.0,11.0,4.0,2.0,1.0,58.0,83.0,96.0,117.0,40.0,14.0,1.0,0.0,1.0,0.0
430522,196434,Governor,3980,TLN,TALON,0.22,0.75,126.0,95.0,5.0,2.0,12.0,3.0,0.0,0.0,42.0,67.0,70.0,69.0,15.0,50.0,2.0,1.0,5.0,2.0
430522,196435,BuZz,804,T1,T1,0.72,1.0,195.0,238.0,6.0,3.0,11.0,4.0,3.0,2.0,42.0,60.0,145.0,181.0,15.0,27.0,2.0,0.0,1.0,2.0
430522,196435,Meteor,13039,T1,T1,0.73,0.88,212.0,257.0,8.0,5.0,11.0,5.0,2.0,0.0,42.0,60.0,138.0,139.0,35.0,33.0,1.0,1.0,2.0,0.0
430522,196435,iZu,29833,T1,T1,0.9,0.37,187.0,110.0,9.0,2.0,10.0,5.0,1.0,2.0,83.0,40.0,118.0,66.0,24.0,67.0,0.0,0.0,3.0,0.0
430522,196435,stax,485,T1,T1,0.64,0.7,124.0,120.0,5.0,2.0,10.0,4.0,3.0,2.0,58.0,80.0,75.0,121.0,86.0,33.0,0.0,0.0,0.0,0.0
430522,196435,Sylvan,4056,T1,T1,0.37,0.58,81.0,169.0,2.0,3.0,10.0,4.0,4.0,0.0,75.0,60.0,62.0,85.0,17.0,29.0,0.0,0.0,3.0,2.0
430522,196435,ban,5129,TLN,TALON,1.11,2.06,203.0,352.0,4.0,15.0,3.0,2.0,2.0,3.0,100.0,83.0,126.0,225.0,44.0,45.0,1.0,1.0,0.0,0.0
430522,196435,Governor,3980,TLN,TALON,1.43,1.22,336.0,265.0,6.0,12.0,3.0,6.0,0.0,0.0,80.0,75.0,160.0,158.0,27.0,11.0,2.0,4.0,1.0,2.0
430522,196435,primmie,25255,TLN,TALON,1.04,1.28,139.0,216.0,4.0,10.0,3.0,7.0,0.0,1.0,100.0,75.0,107.0,139.0,40.0,47.0,1.0,0.0,0.0,1.0
430522,196435,JitBoyS,13788,TLN,TALON,0.9,1.13,188.0,225.0,3.0,11.0,4.0,7.0,4.0,0.0,80.0,92.0,133.0,142.0,27.0,33.0,0.0,3.0,0.0,0.0
430522,196435,Crws,3977,TLN,TALON,1.86,0.49,230.0,94.0,5.0,4.0,2.0,8.0,2.0,0.0,100.0,75.0,159.0,59.0,19.0,21.0,0.0,1.0,0.0,0.0
430522,196436,BuZz,804,T1,T1,1.59,1.57,271.0,245.0,13.0,9.0,6.0,6.0,4.0,4.0,83.0,90.0,178.0,175.0,34.0,36.0,3.0,4.0,1.0,1.0
430522,196436,iZu,29833,T1,T1,0.89,1.35,164.0,242.0,7.0,10.0,7.0,5.0,2.0,1.0,75.0,80.0,114.0,173.0,42.0,28.0,1.0,0.0,1.0,1.0
430522,196436,stax,485,T1,T1,1.31,0.61,253.0,90.0,10.0,3.0,7.0,7.0,3.0,3.0,67.0,70.0,182.0,69.0,15.0,50.0,2.0,0.0,0.0,1.0
430522,196436,Sylvan,4056,T1,T1,0.78,1.07,95.0,207.0,4.0,7.0,7.0,7.0,7.0,4.0,67.0,70.0,73.0,134.0,40.0,38.0,0.0,0.0,0.0,1.0
430522,196436,Meteor,13039,T1,T1,0.78,1.04,230.0,222.0,10.0,7.0,10.0,7.0,2.0,2.0,58.0,80.0,152.0,174.0,47.0,35.0,1.0,2.0,3.0,0.0
430522,196436,JitBoyS,13788,TLN,TALON,1.09,1.18,188.0,192.0,6.0,9.0,7.0,9.0,5.0,3.0,80.0,75.0,158.0,135.0,19.0,30.0,0.0,0.0,0.0,1.0
430522,196436,ban,5129,TLN,TALON,1.22,0.99,207.0,189.0,8.0,8.0,6.0,8.0,3.0,2.0,60.0,58.0,109.0,131.0,25.0,33.0,3.0,2.0,2.0,2.0
430522,196436,primmie,25255,TLN,TALON,0.6,1.36,120.0,291.0,5.0,12.0,7.0,9.0,0.0,0.0,50.0,75.0,80.0,174.0,13.0,29.0,0.0,3.0,0.0,1.0
430522,196436,Governor,3980,TLN,TALON,1.31,0.59,285.0,108.0,10.0,3.0,7.0,9.0,1.0,4.0,80.0,42.0,194.0,97.0,36.0,25.0,1.0,0.0,1.0,1.0
430522,196436,Crws,3977,TLN,TALON,0.14,0.69,80.0,125.0,3.0,5.0,9.0,9.0,1.0,8.0,60.0,50.0,39.0,78.0,17.0,20.0,0.0,0.0,3.0,2.0
430523,196437,t3xture,9196,GEN,Gen.G,0.65,1.28,195.0,280.0,8.0,12.0,8.0,9.0,0.0,0.0,60.0,50.0,110.0,149.0,46.0,16.0,3.0,2.0,4.0,0.0
430523,196437,Karon,34974,GEN,Gen.G,1.54,0.43,313.0,89.0,10.0,4.0,7.0,10.0,9.0,5.0,100.0,42.0,189.0,42.0,50.0,20.0,1.0,0.0,0.0,2.0
430523,196437,yoman,25081,GEN,Gen.G,1.21,0.57,196.0,102.0,7.0,4.0,5.0,8.0,4.0,0.0,70.0,42.0,141.0,84.0,35.0,25.0,0.0,1.0,0.0,2.0
430523,196437,Munchkin,2489,GEN,Gen.G,0.85,0.67,154.0,184.0,5.0,6.0,7.0,10.0,5.0,6.0,80.0,75.0,102.0,131.0,21.0,16.0,0.0,1.0,1.0,1.0
430523,196437,Foxy9,11600,GEN,Gen.G,0.9,0.33,212.0,65.0,8.0,2.0,7.0,10.0,1.0,1.0,70.0,42.0,114.0,48.0,38.0,22.0,1.0,1.0,0.0,2.0
430523,196437,BeYN,4678,KRX,KIWOOM DRX,1.78,1.54,284.0,256.0,14.0,9.0,5.0,6.0,5.0,3.0,92.0,80.0,195.0,165.0,62.0,56.0,1.0,0.0,0.0,0.0
430523,196437,free1ng,1916,KRX,KIWOOM DRX,1.68,1.26,264.0,228.0,11.0,9.0,5.0,8.0,4.0,3.0,92.0,80.0,168.0,148.0,18.0,23.0,3.0,0.0,1.0,0.0
430523,196437,MaKo,4462,KRX,KIWOOM DRX,1.59,0.57,207.0,106.0,9.0,3.0,4.0,9.0,5.0,6.0,83.0,70.0,142.0,98.0,12.0,29.0,0.0,1.0,0.0,2.0
430523,196437,HYUNMIN,28400,KRX,KIWOOM DRX,0.93,0.81,233.0,161.0,10.0,5.0,8.0,7.0,1.0,3.0,50.0,60.0,167.0,130.0,60.0,39.0,3.0,0.0,2.0,2.0
430523,196437,Flashback,35013,KRX,KIWOOM DRX,0.67,0.87,73.0,240.0,3.0,8.0,6.0,8.0,2.0,0.0,75.0,60.0,64.0,133.0,33.0,30.0,0.0,4.0,2.0,1.0
430523,196438,Foxy9,11600,GEN,Gen.G,0.92,1.39,185.0,293.0,9.0,14.0,11.0,10.0,2.0,2.0,57.0,71.0,131.0,197.0,35.0,59.0,2.0,2.0,0.0,1.0
430523,196438,yoman,25081,GEN,Gen.G,1.21,0.98,203.0,176.0,10.0,9.0,10.0,10.0,3.0,3.0,71.0,71.0,124.0,103.0,50.0,19.0,0.0,1.0,1.0,1.0
430523,196438,Karon,34974,GEN,Gen.G,0.82,0.98,132.0,147.0,6.0,7.0,8.0,9.0,4.0,8.0,71.0,71.0,78.0,115.0,23.0,33.0,0.0,0.0,0.0,1.0
430523,196438,Munchkin,2489,GEN,Gen.G,0.67,0.95,124.0,217.0,7.0,8.0,10.0,11.0,2.0,9.0,64.0,79.0,77.0,149.0,17.0,20.0,0.0,1.0,1.0,3.0
430523,196438,t3xture,9196,GEN,Gen.G,0.19,0.97,135.0,201.0,5.0,11.0,14.0,11.0,2.0,1.0,50.0,57.0,99.0,127.0,21.0,23.0,3.0,1.0,7.0,3.0
430523,196438,free1ng,1916,KRX,KIWOOM DRX,1.0,1.67,207.0,299.0,12.0,15.0,9.0,6.0,2.0,1.0,71.0,93.0,109.0,189.0,42.0,54.0,3.0,2.0,2.0,0.0
430523,196438,Flashback,35013,KRX,KIWOOM DRX,1.07,1.35,207.0,266.0,9.0,12.0,9.0,8.0,5.0,7.0,79.0,86.0,145.0,163.0,25.0,28.0,1.0,4.0,2.0,1.0
430523,196438,MaKo,4462,KRX,KIWOOM DRX,0.92,1.36,225.0,190.0,10.0,9.0,11.0,6.0,8.0,8.0,64.0,86.0,136.0,131.0,42.0,32.0,0.0,0.0,0.0,1.0
430523,196438,HYUNMIN,28400,KRX,KIWOOM DRX,1.36,0.72,291.0,132.0,14.0,6.0,10.0,8.0,4.0,4.0,100.0,93.0,191.0,90.0,31.0,15.0,3.0,2.0,0.0,1.0
430523,196438,BeYN,4678,KRX,KIWOOM DRX,0.72,1.0,128.0,199.0,6.0,11.0,10.0,9.0,9.0,3.0,79.0,71.0,92.0,148.0,23.0,36.0,2.0,1.0,1.0,2.0
430524,196440,iZu,29833,T1,T1,1.41,1.44,250.0,269.0,11.0,11.0,7.0,6.0,0.0,3.0,83.0,92.0,139.0,191.0,59.0,27.0,1.0,2.0,0.0,2.0
430524,196440,Meteor,13039,T1,T1,0.91,1.61,190.0,283.0,8.0,14.0,9.0,7.0,2.0,2.0,67.0,83.0,134.0,196.0,44.0,32.0,1.0,2.0,1.0,0.0
430524,196440,BuZz,804,T1,T1,0.89,1.38,244.0,356.0,9.0,14.0,12.0,9.0,2.0,2.0,58.0,75.0,170.0,227.0,18.0,14.0,3.0,4.0,3.0,0.0
430524,196440,stax,485,T1,T1,0.93,1.1,181.0,150.0,8.0,6.0,8.0,6.0,3.0,7.0,83.0,83.0,95.0,110.0,21.0,8.0,1.0,0.0,0.0,0.0
430524,196440,carpe,31207,T1,T1,0.6,0.99,124.0,122.0,6.0,5.0,10.0,6.0,4.0,9.0,58.0,75.0,89.0,96.0,55.0,46.0,0.0,1.0,2.0,1.0
430524,196440,MaKo,4462,KRX,KIWOOM DRX,0.95,1.45,183.0,243.0,7.0,12.0,9.0,6.0,5.0,5.0,58.0,92.0,104.0,162.0,18.0,23.0,1.0,0.0,3.0,0.0
430524,196440,HYUNMIN,28400,KRX,KIWOOM DRX,0.45,1.64,135.0,375.0,5.0,16.0,10.0,10.0,3.0,2.0,42.0,67.0,102.0,244.0,7.0,32.0,0.0,3.0,2.0,2.0
430524,196440,free1ng,1916,KRX,KIWOOM DRX,0.89,1.2,198.0,251.0,9.0,10.0,11.0,9.0,1.0,5.0,67.0,67.0,127.0,159.0,29.0,21.0,2.0,3.0,1.0,0.0
430524,196440,BeYN,4678,KRX,KIWOOM DRX,1.08,0.47,193.0,146.0,8.0,5.0,9.0,10.0,2.0,6.0,75.0,58.0,151.0,94.0,29.0,19.0,0.0,0.0,0.0,1.0
430524,196440,Flashback,35013,KRX,KIWOOM DRX,0.36,0.51,129.0,77.0,5.0,3.0,11.0,7.0,1.0,4.0,50.0,75.0,88.0,46.0,25.0,30.0,0.0,0.0,3.0,3.0
430524,196441,iZu,29833,T1,T1,1.32,0.78,253.0,126.0,13.0,6.0,8.0,9.0,1.0,2.0,71.0,57.0,160.0,95.0,31.0,44.0,0.0,0.0,1.0,2.0
430524,196441,Meteor,13039,T1,T1,1.27,0.79,280.0,206.0,14.0,9.0,10.0,11.0,3.0,2.0,86.0,57.0,202.0,142.0,40.0,33.0,1.0,1.0,2.0,1.0
430524,196441,BuZz,804,T1,T1,0.87,1.1,232.0,222.0,11.0,10.0,11.0,10.0,6.0,3.0,71.0,64.0,125.0,156.0,63.0,22.0,4.0,2.0,4.0,2.0
430524,196441,carpe,31207,T1,T1,0.74,0.95,104.0,219.0,5.0,10.0,9.0,12.0,8.0,5.0,57.0,71.0,83.0,138.0,31.0,58.0,0.0,3.0,0.0,1.0
430524,196441,stax,485,T1,T1,0.66,0.74,138.0,160.0,6.0,9.0,10.0,11.0,3.0,1.0,64.0,64.0,90.0,100.0,36.0,21.0,0.0,1.0,2.0,1.0
430524,196441,free1ng,1916,KRX,KIWOOM DRX,1.31,1.3,296.0,259.0,14.0,14.0,10.0,9.0,5.0,2.0,71.0,79.0,211.0,172.0,38.0,27.0,1.0,1.0,1.0,0.0
430524,196441,HYUNMIN,28400,KRX,KIWOOM DRX,0.4,2.01,111.0,414.0,5.0,20.0,11.0,10.0,1.0,2.0,79.0,86.0,83.0,265.0,36.0,37.0,1.0,4.0,5.0,0.0
430524,196441,MaKo,4462,KRX,KIWOOM DRX,1.41,0.88,221.0,173.0,12.0,7.0,7.0,10.0,4.0,8.0,86.0,79.0,131.0,119.0,24.0,27.0,3.0,1.0,1.0,2.0
430524,196441,Flashback,35013,KRX,KIWOOM DRX,1.35,0.86,237.0,125.0,12.0,5.0,8.0,8.0,5.0,3.0,86.0,71.0,149.0,76.0,24.0,19.0,2.0,2.0,0.0,3.0
430524,196441,BeYN,4678,KRX,KIWOOM DRX,1.05,0.23,177.0,63.0,10.0,2.0,8.0,12.0,0.0,3.0,86.0,43.0,115.0,44.0,27.0,27.0,0.0,1.0,0.0,0.0
430524,196442,BuZz,804,T1,T1,1.28,1.47,288.0,296.0,10.0,13.0,8.0,9.0,3.0,1.0,82.0,75.0,186.0,174.0,20.0,27.0,4.0,1.0,1.0,2.0
430524,196442,carpe,31207,T1,T1,1.12,1.04,195.0,219.0,8.0,9.0,7.0,10.0,5.0,7.0,73.0,67.0,123.0,146.0,50.0,44.0,0.0,0.0,0.0,2.0
430524,196442,iZu,29833,T1,T1,1.26,0.74,238.0,151.0,9.0,6.0,6.0,9.0,3.0,3.0,64.0,75.0,162.0,111.0,36.0,25.0,2.0,0.0,0.0,1.0
430524,196442,stax,485,T1,T1,0.83,0.83,158.0,140.0,6.0,5.0,8.0,9.0,4.0,10.0,82.0,58.0,125.0,74.0,29.0,36.0,0.0,1.0,1.0,0.0
430524,196442,Meteor,13039,T1,T1,0.99,0.5,200.0,141.0,8.0,5.0,8.0,10.0,2.0,4.0,82.0,67.0,143.0,92.0,27.0,33.0,1.0,1.0,2.0,4.0
430524,196442,HYUNMIN,28400,KRX,KIWOOM DRX,2.12,0.7,409.0,170.0,18.0,6.0,8.0,9.0,2.0,3.0,75.0,73.0,257.0,132.0,22.0,33.0,8.0,1.0,1.0,1.0
430524,196442,MaKo,4462,KRX,KIWOOM DRX,1.22,1.66,234.0,337.0,11.0,14.0,7.0,8.0,5.0,5.0,83.0,82.0,140.0,190.0,23.0,31.0,0.0,3.0,1.0,0.0
430524,196442,BeYN,4678,KRX,KIWOOM DRX,1.15,0.8,157.0,165.0,7.0,6.0,6.0,8.0,12.0,5.0,83.0,73.0,83.0,111.0,17.0,27.0,1.0,0.0,0.0,2.0
430524,196442,Flashback,35013,KRX,KIWOOM DRX,0.85,0.74,147.0,145.0,8.0,6.0,7.0,8.0,1.0,2.0,67.0,36.0,83.0,80.0,22.0,29.0,0.0,0.0,0.0,4.0
430524,196442,free1ng,1916,KRX,KIWOOM DRX,0.23,0.86,99.0,143.0,3.0,5.0,10.0,8.0,5.0,3.0,67.0,91.0,84.0,116.0,14.0,25.0,0.0,0.0,1.0,0.0
430525,196443,free1ng,1916,KRX,KIWOOM DRX,2.09,2.05,377.0,302.0,6.0,15.0,2.0,3.0,2.0,4.0,100.0,92.0,179.0,200.0,25.0,31.0,2.0,0.0,0.0,1.0
430525,196443,BeYN,4678,KRX,KIWOOM DRX,2.01,1.71,211.0,301.0,4.0,13.0,1.0,6.0,2.0,4.0,100.0,100.0,114.0,219.0,25.0,28.0,1.0,3.0,0.0,0.0
430525,196443,MaKo,4462,KRX,KIWOOM DRX,2.37,1.35,313.0,189.0,4.0,9.0,1.0,4.0,6.0,6.0,100.0,83.0,224.0,138.0,12.0,21.0,0.0,1.0,0.0,1.0
430525,196443,Flashback,35013,KRX,KIWOOM DRX,1.16,0.96,236.0,194.0,4.0,8.0,3.0,8.0,2.0,3.0,100.0,83.0,200.0,125.0,23.0,28.0,0.0,2.0,0.0,1.0
430525,196443,HYUNMIN,28400,KRX,KIWOOM DRX,0.03,0.92,96.0,189.0,1.0,9.0,4.0,7.0,1.0,0.0,75.0,83.0,66.0,123.0,67.0,20.0,0.0,1.0,1.0,2.0
430525,196443,BuZz,804,T1,T1,0.98,0.81,273.0,273.0,10.0,4.0,12.0,4.0,2.0,0.0,67.0,75.0,193.0,158.0,17.0,43.0,3.0,0.0,3.0,0.0
430525,196443,carpe,31207,T1,T1,0.84,0.04,159.0,67.0,7.0,1.0,9.0,4.0,3.0,1.0,50.0,25.0,96.0,47.0,58.0,33.0,0.0,0.0,0.0,2.0
430525,196443,stax,485,T1,T1,0.61,0.65,121.0,185.0,5.0,2.0,10.0,4.0,4.0,3.0,58.0,100.0,67.0,111.0,71.0,29.0,1.0,0.0,0.0,0.0
430525,196443,Meteor,13039,T1,T1,0.36,0.64,100.0,146.0,4.0,2.0,11.0,3.0,1.0,0.0,50.0,50.0,65.0,114.0,6.0,75.0,1.0,0.0,3.0,1.0
430525,196443,iZu,29833,T1,T1,0.16,0.52,67.0,120.0,2.0,2.0,12.0,4.0,3.0,0.0,58.0,50.0,50.0,83.0,17.0,40.0,0.0,1.0,1.0,0.0
430525,196444,free1ng,1916,KRX,KIWOOM DRX,1.53,0.52,252.0,165.0,11.0,3.0,8.0,7.0,4.0,0.0,83.0,43.0,181.0,123.0,34.0,13.0,0.0,2.0,2.0,0.0
430525,196444,HYUNMIN,28400,KRX,KIWOOM DRX,1.03,0.42,225.0,186.0,9.0,4.0,10.0,7.0,1.0,2.0,42.0,43.0,135.0,115.0,22.0,33.0,2.0,2.0,3.0,0.0
430525,196444,BeYN,4678,KRX,KIWOOM DRX,1.05,0.24,136.0,101.0,5.0,2.0,8.0,6.0,6.0,2.0,67.0,43.0,112.0,59.0,21.0,25.0,1.0,0.0,0.0,0.0
430525,196444,Flashback,35013,KRX,KIWOOM DRX,0.4,1.19,100.0,237.0,3.0,7.0,11.0,5.0,1.0,0.0,50.0,86.0,70.0,163.0,20.0,58.0,1.0,1.0,0.0,1.0
430525,196444,MaKo,4462,KRX,KIWOOM DRX,0.74,0.5,156.0,110.0,5.0,2.0,10.0,6.0,9.0,4.0,75.0,57.0,96.0,82.0,26.0,14.0,1.0,0.0,2.0,1.0
430525,196444,carpe,31207,T1,T1,1.68,1.41,285.0,215.0,7.0,9.0,4.0,5.0,5.0,13.0,100.0,100.0,173.0,138.0,32.0,36.0,1.0,0.0,0.0,1.0
430525,196444,BuZz,804,T1,T1,1.28,1.36,156.0,342.0,6.0,14.0,3.0,8.0,0.0,4.0,86.0,83.0,136.0,218.0,21.0,21.0,1.0,3.0,3.0,1.0
430525,196444,stax,485,T1,T1,1.12,1.31,122.0,247.0,3.0,11.0,3.0,7.0,3.0,3.0,100.0,83.0,112.0,159.0,33.0,38.0,0.0,3.0,1.0,1.0
430525,196444,Meteor,13039,T1,T1,1.51,0.96,344.0,194.0,9.0,8.0,5.0,7.0,2.0,6.0,86.0,75.0,191.0,110.0,39.0,7.0,0.0,0.0,1.0,0.0
430525,196444,iZu,29833,T1,T1,1.28,0.58,213.0,76.0,6.0,5.0,3.0,6.0,1.0,0.0,86.0,67.0,151.0,54.0,29.0,20.0,0.0,1.0,0.0,2.0
430525,196445,BeYN,4678,KRX,KIWOOM DRX,1.12,1.46,132.0,178.0,5.0,8.0,5.0,4.0,3.0,6.0,60.0,92.0,82.0,105.0,6.0,26.0,1.0,2.0,0.0,0.0
430525,196445,free1ng,1916,KRX,KIWOOM DRX,1.0,1.52,167.0,249.0,6.0,12.0,7.0,5.0,1.0,4.0,50.0,83.0,127.0,161.0,29.0,26.0,1.0,0.0,1.0,0.0
430525,196445,Flashback,35013,KRX,KIWOOM DRX,1.16,1.04,213.0,222.0,7.0,9.0,6.0,8.0,4.0,2.0,80.0,75.0,129.0,133.0,27.0,14.0,1.0,2.0,0.0,1.0
430525,196445,MaKo,4462,KRX,KIWOOM DRX,0.49,1.46,99.0,297.0,2.0,13.0,8.0,8.0,9.0,7.0,80.0,83.0,64.0,201.0,10.0,31.0,0.0,2.0,2.0,3.0
430525,196445,HYUNMIN,28400,KRX,KIWOOM DRX,0.99,0.69,236.0,166.0,9.0,7.0,8.0,9.0,1.0,0.0,60.0,67.0,134.0,108.0,16.0,29.0,3.0,1.0,1.0,1.0
430525,196445,carpe,31207,T1,T1,1.26,1.01,210.0,128.0,9.0,5.0,9.0,5.0,4.0,4.0,83.0,80.0,124.0,66.0,33.0,27.0,0.0,0.0,0.0,0.0
430525,196445,BuZz,804,T1,T1,0.98,1.24,259.0,274.0,10.0,9.0,11.0,7.0,3.0,1.0,83.0,80.0,188.0,190.0,15.0,29.0,3.0,3.0,2.0,2.0
430525,196445,stax,485,T1,T1,0.57,1.37,132.0,258.0,5.0,8.0,10.0,6.0,5.0,6.0,67.0,80.0,92.0,163.0,25.0,21.0,0.0,0.0,0.0,1.0
430525,196445,Meteor,13039,T1,T1,0.52,1.22,147.0,235.0,5.0,9.0,10.0,5.0,2.0,2.0,58.0,80.0,107.0,151.0,40.0,32.0,2.0,0.0,5.0,0.0
430525,196445,iZu,29833,T1,T1,0.57,0.46,120.0,90.0,5.0,3.0,9.0,6.0,2.0,1.0,50.0,60.0,75.0,60.0,19.0,30.0,0.0,1.0,0.0,3.0
430525,196446,HYUNMIN,28400,KRX,KIWOOM DRX,1.44,1.05,350.0,156.0,16.0,8.0,12.0,7.0,1.0,1.0,62.0,85.0,219.0,104.0,44.0,28.0,4.0,1.0,3.0,1.0
430525,196446,Flashback,35013,KRX,KIWOOM DRX,0.79,1.69,173.0,325.0,7.0,15.0,10.0,7.0,4.0,5.0,77.0,85.0,108.0,204.0,25.0,26.0,0.0,0.0,1.0,1.0
430525,196446,free1ng,1916,KRX,KIWOOM DRX,0.85,1.12,146.0,214.0,7.0,10.0,8.0,8.0,3.0,4.0,69.0,77.0,115.0,156.0,24.0,38.0,1.0,2.0,2.0,3.0
430525,196446,MaKo,4462,KRX,KIWOOM DRX,0.62,1.1,129.0,271.0,5.0,12.0,10.0,10.0,7.0,3.0,69.0,69.0,98.0,177.0,22.0,26.0,0.0,3.0,2.0,0.0
430525,196446,BeYN,4678,KRX,KIWOOM DRX,1.13,0.4,171.0,96.0,8.0,3.0,9.0,10.0,11.0,5.0,85.0,69.0,112.0,62.0,32.0,13.0,0.0,0.0,0.0,2.0
430525,196446,BuZz,804,T1,T1,1.2,2.04,258.0,348.0,12.0,16.0,9.0,6.0,1.0,7.0,69.0,100.0,171.0,227.0,38.0,9.0,5.0,1.0,4.0,0.0
430525,196446,carpe,31207,T1,T1,1.38,1.05,220.0,236.0,9.0,10.0,9.0,11.0,11.0,10.0,92.0,85.0,155.0,154.0,28.0,18.0,0.0,3.0,0.0,1.0
430525,196446,Meteor,13039,T1,T1,1.22,0.55,243.0,151.0,10.0,6.0,9.0,10.0,2.0,2.0,69.0,46.0,168.0,108.0,29.0,6.0,2.0,1.0,0.0,2.0
430525,196446,iZu,29833,T1,T1,0.96,0.7,207.0,115.0,10.0,5.0,10.0,8.0,2.0,3.0,77.0,77.0,149.0,85.0,32.0,43.0,0.0,1.0,0.0,2.0
430525,196446,stax,485,T1,T1,0.15,1.45,57.0,239.0,1.0,12.0,11.0,8.0,7.0,9.0,62.0,92.0,50.0,169.0,6.0,30.0,0.0,2.0,2.0,0.0
430525,196447,HYUNMIN,28400,KRX,KIWOOM DRX,1.04,1.99,281.0,441.0,12.0,17.0,9.0,9.0,1.0,4.0,83.0,75.0,163.0,329.0,25.0,33.0,6.0,3.0,2.0,1.0
430525,196447,MaKo,4462,KRX,KIWOOM DRX,1.69,0.96,230.0,178.0,10.0,8.0,5.0,6.0,6.0,1.0,92.0,75.0,157.0,115.0,47.0,56.0,0.0,1.0,0.0,0.0
430525,196447,Flashback,35013,KRX,KIWOOM DRX,1.51,0.8,245.0,176.0,12.0,6.0,6.0,9.0,2.0,6.0,92.0,67.0,176.0,123.0,48.0,13.0,1.0,1.0,1.0,2.0
430525,196447,BeYN,4678,KRX,KIWOOM DRX,0.98,0.42,122.0,48.0,5.0,2.0,6.0,6.0,6.0,3.0,75.0,75.0,77.0,35.0,29.0,9.0,0.0,0.0,0.0,3.0
430525,196447,free1ng,1916,KRX,KIWOOM DRX,0.3,0.88,93.0,172.0,3.0,8.0,10.0,8.0,2.0,2.0,58.0,67.0,70.0,101.0,23.0,28.0,0.0,1.0,2.0,0.0
430525,196447,BuZz,804,T1,T1,0.81,1.56,184.0,313.0,7.0,13.0,10.0,8.0,0.0,2.0,67.0,75.0,113.0,232.0,14.0,23.0,4.0,2.0,1.0,1.0
430525,196447,stax,485,T1,T1,1.47,0.76,272.0,171.0,11.0,7.0,8.0,9.0,8.0,2.0,83.0,67.0,162.0,101.0,30.0,29.0,0.0,2.0,0.0,2.0
430525,196447,iZu,29833,T1,T1,0.95,1.05,160.0,207.0,8.0,7.0,7.0,8.0,1.0,7.0,58.0,83.0,101.0,155.0,20.0,32.0,0.0,0.0,1.0,1.0
430525,196447,carpe,31207,T1,T1,0.96,0.57,139.0,73.0,5.0,3.0,7.0,8.0,10.0,10.0,92.0,75.0,85.0,24.0,30.0,10.0,0.0,0.0,0.0,3.0
430525,196447,Meteor,13039,T1,T1,0.63,0.75,162.0,143.0,7.0,6.0,9.0,9.0,1.0,2.0,50.0,58.0,101.0,95.0,18.0,20.0,2.0,1.0,4.0,0.0
430526,196448,Dambi,31827,NS,Nongshim RedForce,1.32,1.98,303.0,322.0,4.0,15.0,3.0,5.0,1.0,6.0,75.0,92.0,190.0,252.0,50.0,20.0,1.0,5.0,1.0,1.0
430526,196448,Francis,31828,NS,Nongshim RedForce,2.28,1.34,260.0,287.0,5.0,11.0,0.0,7.0,0.0,6.0,100.0,75.0,169.0,187.0,80.0,21.0,1.0,2.0,0.0,1.0
430526,196448,Persia,4122,NS,Nongshim RedForce,1.09,1.71,94.0,227.0,1.0,11.0,1.0,4.0,2.0,7.0,100.0,92.0,56.0,144.0,25.0,28.0,0.0,0.0,0.0,0.0
430526,196448,Ivy,31829,NS,Nongshim RedForce,1.65,0.95,155.0,160.0,3.0,8.0,0.0,6.0,0.0,1.0,100.0,92.0,121.0,89.0,50.0,24.0,0.0,1.0,0.0,1.0
430526,196448,margaret,33576,NS,Nongshim RedForce,0.9,0.84,206.0,183.0,3.0,8.0,3.0,7.0,1.0,1.0,100.0,67.0,173.0,133.0,27.0,21.0,1.0,1.0,0.0,0.0
430526,196448,BerserX,4874,BME,BOOM Esports,1.05,0.1,206.0,76.0,8.0,0.0,10.0,4.0,2.0,2.0,67.0,50.0,154.0,76.0,28.0,0.0,0.0,0.0,2.0,1.0
430526,196448,NcSlasher,7043,BME,BOOM Esports,0.5,1.05,100.0,286.0,4.0,5.0,10.0,3.0,2.0,0.0,58.0,75.0,81.0,150.0,45.0,33.0,0.0,0.0,0.0,0.0
430526,196448,dos9,16215,BME,BOOM Esports,0.87,0.01,188.0,,8.0,0.0,10.0,3.0,4.0,0.0,58.0,50.0,117.0,,41.0,,0.0,0.0,1.0,1.0
430526,196448,Famouz,2348,BME,BOOM Esports,0.54,0.57,165.0,173.0,6.0,2.0,11.0,3.0,1.0,1.0,50.0,75.0,111.0,101.0,14.0,0.0,2.0,1.0,4.0,1.0
430526,196448,Shiro,10739,BME,BOOM Esports,0.45,0.04,103.0,62.0,3.0,0.0,12.0,3.0,7.0,4.0,58.0,100.0,63.0,48.0,30.0,0.0,1.0,0.0,2.0,0.0
430526,196449,Persia,4122,NS,Nongshim RedForce,1.0,0.95,231.0,211.0,10.0,4.0,11.0,5.0,6.0,3.0,67.0,50.0,141.0,155.0,21.0,27.0,0.0,1.0,1.0,0.0
430526,196449,margaret,33576,NS,Nongshim RedForce,0.85,0.64,204.0,126.0,8.0,4.0,10.0,6.0,3.0,1.0,67.0,63.0,122.0,93.0,54.0,21.0,2.0,0.0,1.0,1.0
430526,196449,Francis,31828,NS,Nongshim RedForce,0.71,0.73,159.0,163.0,6.0,4.0,9.0,6.0,3.0,0.0,58.0,63.0,111.0,98.0,24.0,31.0,0.0,2.0,3.0,1.0
430526,196449,Ivy,31829,NS,Nongshim RedForce,1.02,0.19,206.0,31.0,10.0,1.0,10.0,5.0,3.0,0.0,75.0,50.0,114.0,13.0,35.0,50.0,0.0,1.0,1.0,0.0
430526,196449,Dambi,31827,NS,Nongshim RedForce,0.78,0.03,233.0,61.0,9.0,1.0,10.0,6.0,3.0,0.0,75.0,25.0,144.0,52.0,20.0,0.0,1.0,0.0,3.0,1.0
430526,196449,dos9,16215,BME,BOOM Esports,1.42,1.52,228.0,275.0,6.0,12.0,3.0,8.0,4.0,4.0,75.0,92.0,151.0,145.0,22.0,27.0,1.0,3.0,0.0,0.0
430526,196449,BerserX,4874,BME,BOOM Esports,2.15,0.91,317.0,161.0,10.0,7.0,1.0,7.0,0.0,3.0,88.0,75.0,219.0,125.0,45.0,24.0,1.0,0.0,1.0,2.0
430526,196449,Famouz,2348,BME,BOOM Esports,0.94,1.44,86.0,359.0,3.0,16.0,3.0,10.0,1.0,2.0,75.0,92.0,39.0,212.0,13.0,15.0,1.0,2.0,2.0,1.0
430526,196449,Shiro,10739,BME,BOOM Esports,1.29,1.09,184.0,225.0,5.0,9.0,3.0,9.0,5.0,7.0,88.0,92.0,119.0,149.0,13.0,41.0,0.0,4.0,1.0,0.0
430526,196449,NcSlasher,7043,BME,BOOM Esports,0.7,0.58,134.0,154.0,4.0,6.0,4.0,9.0,0.0,4.0,75.0,67.0,77.0,120.0,24.0,32.0,0.0,0.0,0.0,0.0
430526,196450,Francis,31828,NS,Nongshim RedForce,1.51,1.2,249.0,212.0,13.0,8.0,6.0,6.0,2.0,7.0,83.0,90.0,165.0,126.0,33.0,19.0,0.0,0.0,2.0,1.0
430526,196450,Ivy,31829,NS,Nongshim RedForce,0.98,1.41,224.0,214.0,9.0,8.0,9.0,5.0,4.0,6.0,75.0,100.0,141.0,119.0,40.0,21.0,2.0,0.0,0.0,0.0
430526,196450,margaret,33576,NS,Nongshim RedForce,0.8,1.59,145.0,269.0,6.0,10.0,8.0,5.0,2.0,1.0,75.0,80.0,103.0,167.0,36.0,26.0,1.0,2.0,2.0,0.0
430526,196450,Persia,4122,NS,Nongshim RedForce,0.89,1.2,184.0,178.0,8.0,6.0,9.0,5.0,5.0,10.0,83.0,90.0,118.0,135.0,13.0,19.0,0.0,0.0,0.0,0.0
430526,196450,Dambi,31827,NS,Nongshim RedForce,0.5,1.04,175.0,235.0,7.0,8.0,11.0,7.0,5.0,4.0,58.0,90.0,92.0,143.0,8.0,20.0,2.0,5.0,3.0,2.0
430526,196450,BerserX,4874,BME,BOOM Esports,1.1,1.36,237.0,217.0,7.0,10.0,8.0,6.0,4.0,1.0,70.0,92.0,151.0,159.0,12.0,21.0,1.0,0.0,1.0,1.0
430526,196450,Famouz,2348,BME,BOOM Esports,0.46,1.46,150.0,335.0,4.0,12.0,9.0,10.0,2.0,6.0,70.0,83.0,125.0,199.0,9.0,7.0,0.0,5.0,2.0,1.0
430526,196450,Shiro,10739,BME,BOOM Esports,0.76,1.15,190.0,204.0,6.0,10.0,8.0,8.0,4.0,1.0,80.0,83.0,123.0,135.0,36.0,30.0,1.0,1.0,1.0,1.0
430526,196450,NcSlasher,7043,BME,BOOM Esports,0.63,0.96,107.0,208.0,5.0,8.0,7.0,10.0,1.0,7.0,90.0,75.0,50.0,152.0,22.0,33.0,0.0,0.0,2.0,2.0
430526,196450,dos9,16215,BME,BOOM Esports,0.82,0.54,149.0,98.0,6.0,3.0,8.0,9.0,0.0,6.0,70.0,92.0,82.0,55.0,23.0,8.0,1.0,1.0,1.0,0.0
430527,196451,Monyet,8497,RRQ,Rex Regum Qeon,1.49,1.17,300.0,238.0,11.0,11.0,6.0,9.0,2.0,0.0,70.0,50.0,176.0,169.0,34.0,50.0,1.0,0.0,1.0,1.0
430527,196451,Jemkin,24895,RRQ,Rex Regum Qeon,1.03,1.06,209.0,255.0,8.0,10.0,6.0,10.0,1.0,0.0,60.0,58.0,118.0,147.0,32.0,33.0,2.0,1.0,2.0,1.0
430527,196451,Kushy,4866,RRQ,Rex Regum Qeon,1.07,0.51,217.0,135.0,7.0,6.0,8.0,11.0,8.0,1.0,80.0,58.0,130.0,94.0,36.0,33.0,1.0,1.0,0.0,2.0
430527,196451,xffero,4871,RRQ,Rex Regum Qeon,0.26,0.94,64.0,214.0,2.0,7.0,8.0,9.0,3.0,6.0,60.0,75.0,41.0,146.0,67.0,35.0,0.0,3.0,1.0,3.0
430527,196451,Estrella,25025,RRQ,Rex Regum Qeon,0.61,0.57,151.0,131.0,5.0,5.0,7.0,9.0,2.0,5.0,70.0,67.0,91.0,80.0,11.0,15.0,0.0,0.0,2.0,0.0
430527,196451,invy,8504,TS,Team Secret,1.4,1.69,269.0,320.0,12.0,10.0,8.0,7.0,5.0,4.0,92.0,90.0,170.0,237.0,44.0,38.0,1.0,3.0,0.0,1.0
430527,196451,JessieVash,2334,TS,Team Secret,1.25,1.75,246.0,317.0,11.0,11.0,8.0,6.0,2.0,4.0,75.0,80.0,168.0,221.0,38.0,33.0,2.0,0.0,0.0,1.0
430527,196451,2GE,9735,TS,Team Secret,1.46,0.96,256.0,165.0,12.0,6.0,7.0,6.0,5.0,3.0,75.0,70.0,158.0,99.0,48.0,9.0,2.0,1.0,1.0,0.0
430527,196451,Wild0reoo,9740,TS,Team Secret,0.8,0.55,124.0,118.0,5.0,3.0,7.0,6.0,2.0,1.0,58.0,60.0,93.0,89.0,27.0,40.0,1.0,1.0,1.0,1.0
430527,196451,Jremy,7405,TS,Team Secret,0.81,0.35,192.0,84.0,8.0,4.0,9.0,8.0,3.0,0.0,75.0,40.0,125.0,43.0,26.0,6.0,1.0,1.0,3.0,1.0
430527,196452,Estrella,25025,RRQ,Rex Regum Qeon,1.96,0.92,248.0,141.0,12.0,2.0,2.0,3.0,8.0,4.0,92.0,60.0,145.0,90.0,41.0,25.0,1.0,0.0,0.0,1.0
430527,196452,Kushy,4866,RRQ,Rex Regum Qeon,1.06,1.87,193.0,337.0,8.0,5.0,7.0,3.0,3.0,1.0,83.0,40.0,146.0,236.0,47.0,50.0,1.0,0.0,0.0,0.0
430527,196452,Monyet,8497,RRQ,Rex Regum Qeon,1.49,0.53,304.0,94.0,11.0,1.0,6.0,3.0,7.0,3.0,83.0,60.0,182.0,50.0,25.0,20.0,3.0,0.0,2.0,1.0
430527,196452,xffero,4871,RRQ,Rex Regum Qeon,1.36,0.62,283.0,124.0,14.0,3.0,7.0,3.0,2.0,0.0,92.0,60.0,175.0,86.0,31.0,40.0,2.0,0.0,0.0,2.0
430527,196452,Jemkin,24895,RRQ,Rex Regum Qeon,0.83,1.12,182.0,244.0,8.0,5.0,8.0,4.0,2.0,1.0,75.0,100.0,127.0,139.0,14.0,43.0,1.0,1.0,2.0,0.0
430527,196452,Jremy,7405,TS,Team Secret,1.93,0.52,401.0,162.0,7.0,7.0,3.0,11.0,1.0,0.0,100.0,50.0,277.0,100.0,64.0,31.0,2.0,0.0,0.0,2.0
430527,196452,Wild0reoo,9740,TS,Team Secret,0.55,0.87,72.0,188.0,1.0,7.0,3.0,10.0,0.0,0.0,60.0,58.0,49.0,126.0,25.0,25.0,1.0,3.0,0.0,2.0
430527,196452,JessieVash,2334,TS,Team Secret,1.01,0.52,158.0,133.0,4.0,5.0,4.0,10.0,0.0,4.0,40.0,50.0,87.0,125.0,43.0,37.0,1.0,0.0,0.0,0.0
430527,196452,invy,8504,TS,Team Secret,0.77,0.61,146.0,160.0,2.0,5.0,3.0,12.0,3.0,6.0,100.0,58.0,88.0,119.0,40.0,28.0,0.0,0.0,0.0,1.0
430527,196452,2GE,9735,TS,Team Secret,0.48,0.73,100.0,175.0,2.0,6.0,3.0,10.0,2.0,3.0,60.0,75.0,51.0,111.0,20.0,19.0,0.0,1.0,1.0,3.0
430527,196453,Estrella,25025,RRQ,Rex Regum Qeon,1.47,2.3,239.0,373.0,12.0,7.0,6.0,1.0,4.0,3.0,67.0,100.0,154.0,249.0,44.0,29.0,0.0,0.0,1.0,0.0
430527,196453,Kushy,4866,RRQ,Rex Regum Qeon,1.12,2.58,218.0,508.0,8.0,9.0,7.0,2.0,6.0,1.0,83.0,100.0,160.0,300.0,17.0,67.0,2.0,1.0,1.0,0.0
430527,196453,Monyet,8497,RRQ,Rex Regum Qeon,1.23,1.38,238.0,138.0,11.0,4.0,6.0,1.0,3.0,1.0,83.0,100.0,138.0,116.0,36.0,27.0,0.0,0.0,1.0,0.0
430527,196453,xffero,4871,RRQ,Rex Regum Qeon,1.3,1.02,213.0,93.0,9.0,2.0,5.0,1.0,1.0,0.0,92.0,80.0,152.0,64.0,28.0,20.0,2.0,0.0,0.0,0.0
430527,196453,Jemkin,24895,RRQ,Rex Regum Qeon,0.59,0.61,156.0,156.0,7.0,3.0,10.0,4.0,1.0,0.0,58.0,60.0,102.0,92.0,50.0,75.0,4.0,2.0,1.0,2.0
430527,196453,JessieVash,2334,TS,Team Secret,1.3,1.47,376.0,268.0,6.0,11.0,5.0,8.0,0.0,0.0,100.0,75.0,224.0,184.0,13.0,37.0,2.0,1.0,0.0,0.0
430527,196453,Wild0reoo,9740,TS,Team Secret,0.01,1.25,9.0,275.0,0.0,11.0,5.0,10.0,0.0,1.0,,83.0,9.0,175.0,0.0,48.0,0.0,1.0,1.0,0.0
430527,196453,invy,8504,TS,Team Secret,0.28,0.62,70.0,123.0,1.0,5.0,5.0,10.0,2.0,7.0,60.0,67.0,39.0,80.0,0.0,56.0,0.0,0.0,0.0,1.0
430527,196453,Jremy,7405,TS,Team Secret,0.11,0.48,89.0,110.0,1.0,4.0,5.0,9.0,0.0,1.0,80.0,42.0,59.0,67.0,15.0,20.0,0.0,1.0,2.0,3.0
430527,196453,2GE,9735,TS,Team Secret,0.27,0.33,95.0,92.0,1.0,3.0,5.0,10.0,0.0,5.0,40.0,75.0,79.0,58.0,13.0,0.0,0.0,1.0,0.0,4.0
430528,196454,Kr1stal,5796,GE,Global Esports,1.94,0.36,321.0,92.0,11.0,3.0,5.0,11.0,3.0,3.0,89.0,58.0,199.0,63.0,24.0,15.0,2.0,1.0,0.0,2.0
430528,196454,kellyS,7437,GE,Global Esports,0.79,1.0,172.0,204.0,5.0,9.0,7.0,10.0,7.0,4.0,78.0,83.0,127.0,144.0,16.0,40.0,0.0,0.0,0.0,2.0
430528,196454,Deryeon,9152,GE,Global Esports,1.19,0.6,183.0,144.0,8.0,5.0,6.0,10.0,1.0,3.0,67.0,58.0,133.0,97.0,27.0,20.0,1.0,0.0,1.0,2.0
430528,196454,Papi,13219,GE,Global Esports,0.76,0.71,172.0,132.0,5.0,6.0,8.0,9.0,8.0,3.0,89.0,67.0,115.0,79.0,24.0,35.0,0.0,1.0,1.0,1.0
430528,196454,UdoTan,4428,GE,Global Esports,0.82,0.48,221.0,142.0,7.0,5.0,7.0,11.0,2.0,1.0,67.0,58.0,161.0,99.0,16.0,31.0,2.0,0.0,2.0,2.0
430528,196454,Jinboong,4052,DFM,DetonatioN FocusMe,1.26,1.56,209.0,385.0,9.0,12.0,6.0,7.0,7.0,1.0,83.0,67.0,122.0,250.0,41.0,44.0,1.0,2.0,0.0,1.0
430528,196454,Meiy,6672,DFM,DetonatioN FocusMe,1.25,1.25,232.0,217.0,10.0,7.0,7.0,6.0,4.0,2.0,83.0,78.0,168.0,139.0,37.0,20.0,5.0,0.0,2.0,0.0
430528,196454,gyen,48577,DFM,DetonatioN FocusMe,1.62,0.63,287.0,131.0,13.0,4.0,4.0,7.0,2.0,1.0,92.0,33.0,207.0,87.0,29.0,50.0,1.0,0.0,0.0,1.0
430528,196454,Art,10627,DFM,DetonatioN FocusMe,1.25,0.6,151.0,145.0,7.0,5.0,4.0,8.0,5.0,3.0,100.0,67.0,107.0,92.0,25.0,15.0,1.0,1.0,0.0,3.0
430528,196454,Akame,13002,DFM,DetonatioN FocusMe,1.02,0.74,172.0,175.0,7.0,5.0,7.0,8.0,7.0,3.0,92.0,78.0,100.0,128.0,38.0,33.0,1.0,1.0,0.0,0.0
430528,196455,kellyS,7437,GE,Global Esports,0.9,1.49,182.0,325.0,9.0,15.0,10.0,9.0,0.0,2.0,54.0,69.0,120.0,203.0,23.0,27.0,3.0,3.0,1.0,0.0
430528,196455,Deryeon,9152,GE,Global Esports,1.4,0.45,232.0,108.0,10.0,5.0,7.0,11.0,5.0,1.0,85.0,54.0,173.0,81.0,27.0,24.0,0.0,1.0,1.0,1.0
430528,196455,UdoTan,4428,GE,Global Esports,0.71,1.12,174.0,218.0,7.0,10.0,10.0,8.0,5.0,1.0,69.0,54.0,121.0,137.0,13.0,26.0,1.0,2.0,5.0,4.0
430528,196455,Papi,13219,GE,Global Esports,0.49,1.11,109.0,144.0,5.0,7.0,11.0,6.0,3.0,4.0,62.0,69.0,75.0,110.0,36.0,41.0,0.0,1.0,0.0,0.0
430528,196455,Kr1stal,5796,GE,Global Esports,0.89,0.68,172.0,156.0,9.0,6.0,9.0,11.0,2.0,9.0,69.0,69.0,121.0,107.0,23.0,10.0,1.0,1.0,1.0,0.0
430528,196455,Akame,13002,DFM,DetonatioN FocusMe,1.02,2.0,202.0,309.0,9.0,15.0,9.0,5.0,4.0,1.0,62.0,85.0,144.0,186.0,33.0,52.0,0.0,3.0,1.0,1.0
430528,196455,Meiy,6672,DFM,DetonatioN FocusMe,1.7,1.23,317.0,293.0,15.0,14.0,8.0,9.0,1.0,2.0,85.0,69.0,205.0,170.0,35.0,17.0,3.0,3.0,1.0,0.0
430528,196455,Jinboong,4052,DFM,DetonatioN FocusMe,1.14,0.46,200.0,95.0,9.0,4.0,8.0,10.0,3.0,3.0,69.0,85.0,129.0,60.0,45.0,25.0,0.0,1.0,1.0,0.0
430528,196455,Art,10627,DFM,DetonatioN FocusMe,0.21,1.35,106.0,233.0,5.0,10.0,11.0,7.0,3.0,4.0,69.0,77.0,58.0,155.0,29.0,20.0,0.0,1.0,3.0,2.0
430528,196455,gyen,48577,DFM,DetonatioN FocusMe,1.01,0.47,149.0,101.0,7.0,4.0,7.0,9.0,1.0,4.0,62.0,54.0,107.0,74.0,33.0,31.0,2.0,0.0,2.0,2.0
430529,196457,something,17086,PRX,Paper Rex,1.09,2.54,222.0,575.0,9.0,12.0,9.0,3.0,4.0,1.0,67.0,83.0,149.0,292.0,25.0,11.0,2.0,3.0,2.0,0.0
430529,196457,d4v41,9803,PRX,Paper Rex,1.27,1.14,232.0,169.0,10.0,4.0,7.0,2.0,7.0,1.0,83.0,100.0,170.0,136.0,45.0,38.0,1.0,0.0,0.0,0.0
430529,196457,Jinggg,7378,PRX,Paper Rex,1.47,0.72,266.0,121.0,13.0,3.0,5.0,4.0,0.0,0.0,67.0,83.0,151.0,85.0,15.0,50.0,1.0,0.0,1.0,1.0
430529,196457,mindfreak,9800,PRX,Paper Rex,1.01,1.1,166.0,138.0,8.0,2.0,6.0,3.0,4.0,4.0,92.0,83.0,107.0,98.0,28.0,23.0,0.0,0.0,0.0,0.0
430529,196457,f0rsakeN,9801,PRX,Paper Rex,0.73,1.21,185.0,185.0,8.0,5.0,8.0,3.0,2.0,1.0,83.0,67.0,119.0,125.0,47.0,60.0,4.0,0.0,1.0,2.0
430529,196457,SyouTa,12990,ZETA,ZETA DIVISION,0.14,1.53,71.0,293.0,2.0,13.0,6.0,9.0,0.0,0.0,33.0,75.0,33.0,200.0,33.0,56.0,1.0,1.0,2.0,1.0
430529,196457,SugarZ3ro,6668,ZETA,ZETA DIVISION,0.66,0.9,188.0,197.0,4.0,6.0,5.0,11.0,3.0,7.0,83.0,92.0,117.0,135.0,19.0,32.0,1.0,1.0,0.0,2.0
430529,196457,Xdll,25221,ZETA,ZETA DIVISION,0.48,0.88,99.0,184.0,2.0,8.0,5.0,9.0,1.0,0.0,33.0,58.0,75.0,134.0,33.0,35.0,0.0,1.0,0.0,0.0
430529,196457,Dep,424,ZETA,ZETA DIVISION,0.93,0.62,200.0,154.0,4.0,6.0,5.0,9.0,0.0,1.0,50.0,58.0,111.0,84.0,56.0,44.0,1.0,1.0,1.0,4.0
430529,196457,CLZ,2615,ZETA,ZETA DIVISION,0.76,0.32,179.0,47.0,3.0,2.0,5.0,10.0,1.0,3.0,67.0,50.0,134.0,38.0,23.0,75.0,0.0,0.0,0.0,1.0
430529,196458,f0rsakeN,9801,PRX,Paper Rex,1.5,1.84,252.0,359.0,8.0,15.0,5.0,8.0,5.0,10.0,100.0,92.0,157.0,221.0,33.0,59.0,0.0,2.0,0.0,0.0
430529,196458,d4v41,9803,PRX,Paper Rex,1.63,1.36,272.0,255.0,9.0,11.0,4.0,6.0,3.0,0.0,100.0,92.0,206.0,176.0,36.0,22.0,1.0,2.0,1.0,0.0
430529,196458,Jinggg,7378,PRX,Paper Rex,1.04,1.27,193.0,228.0,7.0,10.0,5.0,7.0,2.0,2.0,78.0,83.0,126.0,173.0,13.0,18.0,1.0,0.0,2.0,2.0
430529,196458,something,17086,PRX,Paper Rex,1.5,0.77,351.0,158.0,12.0,6.0,6.0,8.0,1.0,3.0,67.0,75.0,211.0,117.0,33.0,24.0,2.0,2.0,1.0,2.0
430529,196458,mindfreak,9800,PRX,Paper Rex,1.32,0.76,138.0,210.0,4.0,9.0,3.0,10.0,8.0,3.0,89.0,75.0,101.0,130.0,36.0,26.0,1.0,2.0,0.0,0.0
430529,196458,Dep,424,ZETA,ZETA DIVISION,1.87,0.64,355.0,203.0,15.0,6.0,8.0,9.0,4.0,1.0,75.0,56.0,223.0,108.0,28.0,54.0,1.0,1.0,2.0,1.0
430529,196458,SugarZ3ro,6668,ZETA,ZETA DIVISION,0.7,0.54,172.0,142.0,7.0,4.0,10.0,8.0,6.0,1.0,83.0,44.0,102.0,90.0,29.0,21.0,0.0,0.0,0.0,1.0
430529,196458,Xdll,25221,ZETA,ZETA DIVISION,0.56,0.56,164.0,165.0,7.0,5.0,11.0,9.0,2.0,1.0,67.0,56.0,101.0,112.0,18.0,27.0,2.0,1.0,1.0,0.0
430529,196458,SyouTa,12990,ZETA,ZETA DIVISION,0.22,0.95,115.0,211.0,4.0,7.0,12.0,7.0,1.0,0.0,58.0,56.0,87.0,132.0,36.0,56.0,1.0,2.0,4.0,1.0
430529,196458,CLZ,2615,ZETA,ZETA DIVISION,0.7,0.28,151.0,24.0,6.0,1.0,10.0,7.0,4.0,3.0,83.0,44.0,91.0,17.0,40.0,33.0,0.0,0.0,1.0,2.0
430530,196460,Francis,31828,NS,Nongshim RedForce,1.14,1.16,226.0,196.0,10.0,8.0,9.0,8.0,3.0,3.0,69.0,69.0,157.0,133.0,22.0,23.0,0.0,1.0,0.0,0.0
430530,196460,Dambi,31827,NS,Nongshim RedForce,1.03,1.22,245.0,265.0,12.0,11.0,11.0,10.0,2.0,3.0,77.0,69.0,147.0,175.0,27.0,35.0,5.0,5.0,4.0,1.0
430530,196460,Ivy,31829,NS,Nongshim RedForce,1.01,1.08,139.0,163.0,7.0,7.0,8.0,9.0,7.0,8.0,77.0,77.0,89.0,96.0,22.0,32.0,0.0,0.0,0.0,1.0
430530,196460,margaret,33576,NS,Nongshim RedForce,0.44,0.73,91.0,155.0,3.0,7.0,9.0,10.0,4.0,1.0,54.0,54.0,70.0,93.0,25.0,23.0,2.0,2.0,2.0,0.0
430530,196460,Persia,4122,NS,Nongshim RedForce,0.48,0.49,129.0,115.0,5.0,5.0,10.0,10.0,6.0,2.0,77.0,62.0,91.0,80.0,25.0,36.0,0.0,0.0,0.0,3.0
430530,196460,Jemkin,24895,RRQ,Rex Regum Qeon,0.89,1.92,164.0,363.0,6.0,18.0,8.0,6.0,10.0,5.0,85.0,77.0,126.0,224.0,20.0,47.0,1.0,2.0,1.0,1.0
430530,196460,Estrella,25025,RRQ,Rex Regum Qeon,1.32,1.28,177.0,207.0,9.0,11.0,6.0,8.0,5.0,5.0,85.0,92.0,125.0,171.0,33.0,54.0,1.0,0.0,0.0,0.0
430530,196460,xffero,4871,RRQ,Rex Regum Qeon,1.69,0.89,329.0,199.0,16.0,7.0,7.0,9.0,3.0,4.0,77.0,85.0,227.0,142.0,30.0,19.0,1.0,2.0,1.0,3.0
430530,196460,Kushy,4866,RRQ,Rex Regum Qeon,0.61,1.3,122.0,188.0,4.0,9.0,9.0,7.0,5.0,3.0,54.0,85.0,94.0,136.0,19.0,48.0,1.0,1.0,1.0,1.0
430530,196460,Monyet,8497,RRQ,Rex Regum Qeon,1.03,0.69,204.0,67.0,12.0,2.0,8.0,7.0,2.0,4.0,62.0,77.0,121.0,50.0,24.0,18.0,1.0,1.0,5.0,2.0
430530,196461,Persia,4122,NS,Nongshim RedForce,1.05,1.48,217.0,272.0,16.0,19.0,14.0,13.0,10.0,9.0,81.0,76.0,135.0,173.0,30.0,28.0,2.0,3.0,1.0,0.0
430530,196461,margaret,33576,NS,Nongshim RedForce,1.58,0.9,260.0,188.0,20.0,11.0,11.0,15.0,3.0,10.0,67.0,76.0,185.0,128.0,40.0,27.0,1.0,4.0,1.0,1.0
430530,196461,Ivy,31829,NS,Nongshim RedForce,0.88,1.4,187.0,264.0,14.0,21.0,15.0,13.0,4.0,10.0,71.0,86.0,122.0,157.0,35.0,35.0,1.0,3.0,2.0,2.0
430530,196461,Dambi,31827,NS,Nongshim RedForce,0.67,0.93,190.0,184.0,13.0,13.0,19.0,14.0,7.0,6.0,57.0,71.0,112.0,121.0,25.0,23.0,4.0,4.0,7.0,1.0
430530,196461,Francis,31828,NS,Nongshim RedForce,0.71,0.85,178.0,173.0,12.0,11.0,16.0,14.0,6.0,9.0,76.0,71.0,118.0,120.0,17.0,13.0,1.0,2.0,1.0,1.0
430530,196461,Jemkin,24895,RRQ,Rex Regum Qeon,1.07,1.52,239.0,315.0,16.0,22.0,15.0,14.0,6.0,6.0,76.0,86.0,156.0,204.0,18.0,25.0,3.0,3.0,7.0,2.0
430530,196461,Estrella,25025,RRQ,Rex Regum Qeon,0.91,1.24,189.0,219.0,12.0,16.0,15.0,14.0,8.0,11.0,81.0,81.0,122.0,140.0,36.0,23.0,1.0,3.0,2.0,1.0
430530,196461,xffero,4871,RRQ,Rex Regum Qeon,1.29,0.8,221.0,168.0,18.0,13.0,12.0,16.0,5.0,6.0,71.0,67.0,133.0,108.0,18.0,17.0,0.0,2.0,2.0,2.0
430530,196461,Monyet,8497,RRQ,Rex Regum Qeon,0.83,1.0,190.0,207.0,14.0,13.0,16.0,15.0,2.0,7.0,67.0,86.0,124.0,148.0,28.0,31.0,1.0,3.0,3.0,1.0
430530,196461,Kushy,4866,RRQ,Rex Regum Qeon,0.64,0.74,159.0,148.0,9.0,11.0,17.0,16.0,11.0,9.0,76.0,62.0,102.0,96.0,15.0,16.0,0.0,1.0,2.0,3.0
430530,196462,Francis,31828,NS,Nongshim RedForce,1.21,1.6,267.0,373.0,8.0,15.0,7.0,9.0,5.0,5.0,78.0,75.0,218.0,261.0,11.0,29.0,1.0,1.0,0.0,0.0
430530,196462,Ivy,31829,NS,Nongshim RedForce,1.54,1.1,206.0,200.0,8.0,9.0,4.0,7.0,3.0,3.0,67.0,67.0,154.0,133.0,32.0,12.0,1.0,1.0,1.0,2.0
430530,196462,Persia,4122,NS,Nongshim RedForce,1.72,0.75,240.0,94.0,9.0,3.0,3.0,6.0,5.0,4.0,89.0,75.0,165.0,67.0,41.0,19.0,0.0,1.0,0.0,0.0
430530,196462,margaret,33576,NS,Nongshim RedForce,1.25,0.94,189.0,227.0,6.0,9.0,5.0,10.0,3.0,4.0,78.0,83.0,117.0,152.0,31.0,31.0,1.0,3.0,1.0,0.0
430530,196462,Dambi,31827,NS,Nongshim RedForce,0.45,1.26,194.0,262.0,6.0,11.0,9.0,9.0,5.0,3.0,89.0,83.0,110.0,163.0,19.0,20.0,2.0,3.0,2.0,1.0
430530,196462,Kushy,4866,RRQ,Rex Regum Qeon,1.25,1.19,244.0,225.0,12.0,8.0,9.0,7.0,1.0,2.0,75.0,78.0,178.0,134.0,48.0,33.0,0.0,1.0,0.0,1.0
430530,196462,Estrella,25025,RRQ,Rex Regum Qeon,1.11,0.78,172.0,137.0,7.0,3.0,8.0,8.0,4.0,9.0,67.0,78.0,125.0,95.0,29.0,22.0,0.0,0.0,0.0,0.0
430530,196462,xffero,4871,RRQ,Rex Regum Qeon,0.93,0.63,193.0,177.0,9.0,4.0,9.0,7.0,1.0,7.0,67.0,78.0,124.0,130.0,35.0,36.0,0.0,0.0,0.0,1.0
430530,196462,Monyet,8497,RRQ,Rex Regum Qeon,0.73,0.8,179.0,188.0,6.0,6.0,11.0,7.0,5.0,3.0,67.0,67.0,124.0,126.0,19.0,38.0,0.0,1.0,0.0,2.0
430530,196462,Jemkin,24895,RRQ,Rex Regum Qeon,0.53,0.91,182.0,203.0,7.0,7.0,10.0,8.0,2.0,1.0,58.0,56.0,116.0,120.0,39.0,14.0,3.0,2.0,9.0,1.0
430531,196463,gyen,48577,DFM,DetonatioN FocusMe,1.99,1.71,351.0,254.0,14.0,13.0,6.0,5.0,5.0,3.0,82.0,92.0,239.0,140.0,45.0,18.0,2.0,3.0,0.0,0.0
430531,196463,Meiy,6672,DFM,DetonatioN FocusMe,1.02,1.62,200.0,343.0,9.0,14.0,8.0,8.0,1.0,2.0,73.0,75.0,157.0,208.0,38.0,36.0,1.0,2.0,3.0,0.0
430531,196463,Jinboong,4052,DFM,DetonatioN FocusMe,0.9,1.03,155.0,184.0,6.0,8.0,8.0,8.0,5.0,3.0,64.0,75.0,103.0,112.0,24.0,27.0,0.0,0.0,1.0,4.0
430531,196463,Art,10627,DFM,DetonatioN FocusMe,0.83,0.99,193.0,178.0,6.0,7.0,8.0,9.0,3.0,6.0,55.0,67.0,132.0,134.0,36.0,23.0,0.0,0.0,1.0,0.0
430531,196463,Akame,13002,DFM,DetonatioN FocusMe,0.88,0.6,138.0,142.0,5.0,5.0,6.0,11.0,4.0,11.0,73.0,75.0,89.0,88.0,58.0,21.0,2.0,1.0,1.0,2.0
430531,196463,f0rsakeN,9801,PRX,Paper Rex,1.18,1.69,243.0,328.0,10.0,12.0,8.0,7.0,5.0,3.0,92.0,73.0,159.0,225.0,36.0,36.0,1.0,0.0,1.0,0.0
430531,196463,mindfreak,9800,PRX,Paper Rex,1.26,0.53,306.0,139.0,14.0,5.0,9.0,9.0,6.0,1.0,75.0,64.0,183.0,72.0,28.0,27.0,1.0,1.0,0.0,1.0
430531,196463,something,17086,PRX,Paper Rex,0.8,0.81,201.0,165.0,8.0,7.0,11.0,8.0,2.0,2.0,75.0,73.0,117.0,99.0,24.0,11.0,4.0,3.0,2.0,3.0
430531,196463,Jinggg,7378,PRX,Paper Rex,0.5,1.02,133.0,197.0,6.0,8.0,10.0,7.0,0.0,2.0,67.0,73.0,91.0,131.0,54.0,57.0,0.0,2.0,2.0,0.0
430531,196463,d4v41,9803,PRX,Paper Rex,0.58,0.47,94.0,134.0,3.0,4.0,9.0,9.0,11.0,5.0,75.0,55.0,76.0,93.0,17.0,36.0,0.0,0.0,1.0,1.0
430531,196464,Meiy,6672,DFM,DetonatioN FocusMe,1.67,2.32,383.0,361.0,15.0,4.0,9.0,1.0,7.0,0.0,100.0,100.0,257.0,278.0,27.0,57.0,4.0,0.0,0.0,0.0
430531,196464,Akame,13002,DFM,DetonatioN FocusMe,1.63,1.09,280.0,182.0,13.0,1.0,6.0,1.0,4.0,2.0,100.0,100.0,160.0,134.0,17.0,0.0,2.0,0.0,0.0,0.0
430531,196464,Jinboong,4052,DFM,DetonatioN FocusMe,1.41,1.75,200.0,166.0,11.0,1.0,5.0,0.0,0.0,1.0,100.0,100.0,148.0,134.0,29.0,20.0,1.0,0.0,2.0,0.0
430531,196464,Art,10627,DFM,DetonatioN FocusMe,1.42,0.42,259.0,25.0,12.0,0.0,6.0,1.0,4.0,1.0,83.0,100.0,170.0,26.0,19.0,0.0,1.0,0.0,0.0,0.0
430531,196464,gyen,48577,DFM,DetonatioN FocusMe,0.45,3.16,104.0,538.0,5.0,4.0,9.0,1.0,4.0,3.0,75.0,100.0,58.0,233.0,13.0,10.0,1.0,2.0,1.0,0.0
430531,196464,something,17086,PRX,Paper Rex,0.43,1.05,150.0,209.0,1.0,9.0,2.0,9.0,0.0,1.0,50.0,67.0,81.0,144.0,67.0,26.0,0.0,0.0,1.0,1.0
430531,196464,Jinggg,7378,PRX,Paper Rex,0.74,0.83,229.0,239.0,2.0,8.0,2.0,11.0,0.0,5.0,100.0,42.0,134.0,170.0,14.0,28.0,0.0,2.0,0.0,3.0
430531,196464,d4v41,9803,PRX,Paper Rex,0.04,0.68,27.0,164.0,0.0,6.0,2.0,12.0,0.0,4.0,,75.0,27.0,109.0,0.0,43.0,0.0,0.0,0.0,1.0
430531,196464,f0rsakeN,9801,PRX,Paper Rex,0.01,0.61,13.0,196.0,0.0,8.0,2.0,12.0,0.0,1.0,50.0,58.0,13.0,144.0,0.0,19.0,0.0,1.0,1.0,2.0
430531,196464,mindfreak,9800,PRX,Paper Rex,0.28,0.23,133.0,91.0,1.0,4.0,2.0,12.0,0.0,4.0,50.0,50.0,92.0,52.0,50.0,23.0,0.0,0.0,0.0,2.0
430532,196466,primmie,25255,TLN,TALON,1.27,1.61,244.0,293.0,11.0,12.0,9.0,7.0,1.0,4.0,58.0,90.0,166.0,204.0,33.0,44.0,1.0,0.0,1.0,1.0
430532,196466,JitBoyS,13788,TLN,TALON,0.99,0.9,173.0,227.0,7.0,8.0,9.0,8.0,7.0,2.0,67.0,70.0,119.0,122.0,27.0,16.0,2.0,2.0,1.0,1.0
430532,196466,ban,5129,TLN,TALON,1.0,0.47,190.0,144.0,9.0,5.0,8.0,9.0,2.0,1.0,50.0,60.0,125.0,86.0,38.0,27.0,0.0,0.0,1.0,2.0
430532,196466,Governor,3980,TLN,TALON,1.01,0.44,175.0,150.0,7.0,5.0,8.0,9.0,2.0,2.0,83.0,70.0,122.0,104.0,25.0,0.0,3.0,0.0,2.0,4.0
430532,196466,Crws,3977,TLN,TALON,0.51,0.83,89.0,219.0,2.0,7.0,8.0,9.0,6.0,1.0,75.0,70.0,65.0,138.0,5.0,22.0,0.0,0.0,1.0,0.0
430532,196466,Ivy,31829,NS,Nongshim RedForce,1.59,1.11,239.0,169.0,10.0,7.0,5.0,6.0,3.0,7.0,90.0,75.0,176.0,89.0,47.0,38.0,0.0,1.0,0.0,0.0
430532,196466,Francis,31828,NS,Nongshim RedForce,1.26,1.26,245.0,273.0,8.0,10.0,7.0,8.0,8.0,2.0,80.0,75.0,177.0,197.0,32.0,23.0,1.0,1.0,0.0,1.0
430532,196466,Persia,4122,NS,Nongshim RedForce,0.75,1.33,172.0,257.0,6.0,11.0,8.0,7.0,4.0,5.0,90.0,75.0,113.0,163.0,46.0,24.0,0.0,2.0,0.0,2.0
430532,196466,Dambi,31827,NS,Nongshim RedForce,0.88,1.14,225.0,247.0,8.0,10.0,9.0,8.0,4.0,6.0,80.0,75.0,129.0,169.0,23.0,25.0,3.0,1.0,2.0,1.0
430532,196466,margaret,33576,NS,Nongshim RedForce,1.46,0.54,289.0,71.0,10.0,3.0,8.0,7.0,5.0,3.0,90.0,67.0,183.0,51.0,23.0,29.0,4.0,1.0,0.0,2.0
430532,196467,JitBoyS,13788,TLN,TALON,1.67,1.17,265.0,174.0,13.0,6.0,6.0,6.0,3.0,4.0,83.0,73.0,205.0,114.0,38.0,54.0,1.0,1.0,0.0,0.0
430532,196467,Crws,3977,TLN,TALON,1.45,1.38,324.0,232.0,14.0,10.0,7.0,6.0,4.0,2.0,92.0,64.0,190.0,126.0,32.0,40.0,3.0,1.0,1.0,2.0
430532,196467,primmie,25255,TLN,TALON,1.12,0.99,192.0,149.0,10.0,6.0,6.0,6.0,3.0,0.0,92.0,64.0,136.0,117.0,29.0,40.0,0.0,0.0,1.0,1.0
430532,196467,ban,5129,TLN,TALON,0.81,0.74,199.0,175.0,8.0,6.0,9.0,8.0,5.0,3.0,75.0,82.0,130.0,114.0,22.0,33.0,2.0,1.0,2.0,1.0
430532,196467,Governor,3980,TLN,TALON,0.48,0.63,111.0,152.0,3.0,5.0,9.0,9.0,3.0,2.0,75.0,55.0,82.0,96.0,3.0,8.0,1.0,2.0,1.0,2.0
430532,196467,margaret,33576,NS,Nongshim RedForce,1.01,1.26,191.0,247.0,7.0,10.0,7.0,9.0,3.0,3.0,82.0,75.0,130.0,168.0,27.0,31.0,2.0,3.0,0.0,1.0
430532,196467,Ivy,31829,NS,Nongshim RedForce,0.74,1.17,107.0,230.0,4.0,11.0,6.0,9.0,2.0,1.0,82.0,67.0,78.0,140.0,40.0,28.0,0.0,0.0,0.0,1.0
430532,196467,Persia,4122,NS,Nongshim RedForce,0.52,1.35,102.0,243.0,3.0,10.0,8.0,8.0,9.0,2.0,100.0,83.0,58.0,161.0,33.0,27.0,1.0,0.0,0.0,1.0
430532,196467,Dambi,31827,NS,Nongshim RedForce,1.45,0.19,268.0,108.0,11.0,2.0,6.0,12.0,1.0,5.0,73.0,50.0,162.0,84.0,21.0,27.0,2.0,1.0,3.0,1.0
430532,196467,Francis,31828,NS,Nongshim RedForce,1.13,0.37,225.0,105.0,10.0,4.0,6.0,10.0,1.0,2.0,73.0,50.0,136.0,66.0,21.0,21.0,1.0,1.0,2.0,3.0
430532,196468,primmie,25255,TLN,TALON,1.76,2.11,295.0,400.0,7.0,18.0,3.0,6.0,5.0,4.0,83.0,100.0,203.0,247.0,58.0,48.0,0.0,1.0,1.0,0.0
430532,196468,JitBoyS,13788,TLN,TALON,2.05,1.65,299.0,238.0,7.0,12.0,2.0,3.0,3.0,2.0,83.0,83.0,172.0,149.0,41.0,27.0,1.0,0.0,0.0,0.0
430532,196468,Governor,3980,TLN,TALON,1.54,0.96,344.0,215.0,7.0,9.0,4.0,8.0,1.0,3.0,83.0,67.0,208.0,135.0,21.0,21.0,2.0,2.0,1.0,3.0
430532,196468,Crws,3977,TLN,TALON,1.04,0.55,159.0,107.0,4.0,4.0,4.0,8.0,6.0,6.0,100.0,83.0,78.0,71.0,20.0,27.0,0.0,2.0,0.0,2.0
430532,196468,ban,5129,TLN,TALON,0.45,0.62,62.0,122.0,1.0,4.0,4.0,7.0,1.0,4.0,50.0,83.0,45.0,74.0,11.0,31.0,0.0,1.0,1.0,1.0
430532,196468,Persia,4122,NS,Nongshim RedForce,1.34,0.19,203.0,113.0,9.0,2.0,6.0,6.0,2.0,2.0,50.0,50.0,128.0,69.0,30.0,8.0,2.0,0.0,1.0,2.0
430532,196468,Dambi,31827,NS,Nongshim RedForce,0.76,1.08,207.0,281.0,7.0,5.0,11.0,5.0,4.0,1.0,58.0,83.0,133.0,207.0,36.0,19.0,1.0,3.0,1.0,1.0
430532,196468,Francis,31828,NS,Nongshim RedForce,0.52,1.28,138.0,250.0,4.0,5.0,11.0,5.0,2.0,2.0,58.0,67.0,98.0,164.0,15.0,32.0,0.0,0.0,1.0,0.0
430532,196468,Ivy,31829,NS,Nongshim RedForce,0.84,0.52,175.0,127.0,7.0,3.0,9.0,5.0,5.0,4.0,83.0,50.0,94.0,83.0,40.0,29.0,2.0,0.0,0.0,0.0
430532,196468,margaret,33576,NS,Nongshim RedForce,0.38,0.64,118.0,124.0,5.0,2.0,10.0,5.0,1.0,3.0,58.0,67.0,86.0,111.0,25.0,13.0,1.0,0.0,3.0,0.0
430533,196469,yoman,25081,GEN,Gen.G,1.57,0.96,266.0,67.0,12.0,2.0,4.0,3.0,2.0,4.0,100.0,57.0,167.0,55.0,40.0,33.0,0.0,0.0,0.0,0.0
430533,196469,Munchkin,2489,GEN,Gen.G,1.49,1.03,248.0,179.0,10.0,4.0,6.0,4.0,9.0,5.0,92.0,57.0,156.0,109.0,42.0,45.0,2.0,1.0,0.0,1.0
430533,196469,Karon,34974,GEN,Gen.G,1.31,1.15,214.0,221.0,11.0,6.0,6.0,5.0,4.0,1.0,67.0,57.0,166.0,152.0,45.0,67.0,0.0,0.0,2.0,0.0
430533,196469,t3xture,9196,GEN,Gen.G,0.99,1.25,244.0,299.0,11.0,7.0,7.0,6.0,0.0,2.0,58.0,57.0,141.0,184.0,19.0,35.0,3.0,2.0,5.0,2.0
430533,196469,Foxy9,11600,GEN,Gen.G,0.98,0.87,152.0,118.0,6.0,3.0,6.0,5.0,2.0,4.0,67.0,57.0,107.0,83.0,38.0,50.0,0.0,0.0,0.0,1.0
430533,196469,Akame,13002,DFM,DetonatioN FocusMe,0.8,1.41,169.0,275.0,4.0,10.0,4.0,9.0,1.0,5.0,71.0,67.0,90.0,220.0,0.0,27.0,1.0,2.0,0.0,0.0
430533,196469,Meiy,6672,DFM,DetonatioN FocusMe,1.26,0.67,266.0,145.0,7.0,5.0,4.0,10.0,0.0,1.0,71.0,50.0,164.0,97.0,36.0,27.0,2.0,2.0,2.0,1.0
430533,196469,Art,10627,DFM,DetonatioN FocusMe,1.04,0.79,198.0,195.0,4.0,6.0,4.0,11.0,0.0,4.0,71.0,58.0,134.0,139.0,25.0,27.0,1.0,3.0,1.0,0.0
430533,196469,gyen,48577,DFM,DetonatioN FocusMe,0.79,0.66,196.0,93.0,5.0,5.0,5.0,9.0,0.0,3.0,71.0,58.0,109.0,52.0,36.0,30.0,0.0,0.0,0.0,1.0
430533,196469,Jinboong,4052,DFM,DetonatioN FocusMe,0.73,0.32,132.0,91.0,3.0,3.0,5.0,11.0,4.0,5.0,86.0,42.0,87.0,57.0,22.0,44.0,0.0,0.0,0.0,3.0
430533,196470,Foxy9,11600,GEN,Gen.G,1.39,1.43,245.0,268.0,6.0,13.0,3.0,6.0,1.0,0.0,71.0,83.0,144.0,215.0,31.0,45.0,1.0,0.0,1.0,2.0
430533,196470,Munchkin,2489,GEN,Gen.G,1.66,1.24,293.0,223.0,7.0,10.0,3.0,5.0,0.0,1.0,71.0,75.0,177.0,149.0,23.0,30.0,1.0,3.0,1.0,1.0
430533,196470,Karon,34974,GEN,Gen.G,0.93,1.1,171.0,184.0,5.0,8.0,5.0,7.0,0.0,9.0,86.0,83.0,128.0,123.0,50.0,38.0,0.0,0.0,2.0,0.0
430533,196470,yoman,25081,GEN,Gen.G,0.89,1.07,170.0,170.0,4.0,8.0,5.0,5.0,1.0,2.0,71.0,75.0,109.0,91.0,44.0,44.0,0.0,1.0,0.0,0.0
430533,196470,t3xture,9196,GEN,Gen.G,0.68,1.06,93.0,221.0,2.0,10.0,4.0,7.0,1.0,2.0,57.0,92.0,68.0,144.0,20.0,35.0,1.0,4.0,0.0,1.0
430533,196470,Jinboong,4052,DFM,DetonatioN FocusMe,0.84,1.11,119.0,176.0,5.0,5.0,8.0,4.0,3.0,1.0,58.0,71.0,80.0,92.0,50.0,36.0,1.0,1.0,1.0,0.0
430533,196470,Akame,13002,DFM,DetonatioN FocusMe,0.95,0.71,184.0,196.0,8.0,5.0,10.0,6.0,1.0,1.0,67.0,71.0,118.0,111.0,15.0,44.0,1.0,1.0,0.0,1.0
430533,196470,Meiy,6672,DFM,DetonatioN FocusMe,1.15,0.27,240.0,71.0,8.0,2.0,10.0,5.0,2.0,1.0,58.0,57.0,165.0,45.0,17.0,0.0,2.0,0.0,2.0,2.0
430533,196470,Art,10627,DFM,DetonatioN FocusMe,0.46,1.2,83.0,269.0,3.0,6.0,10.0,5.0,5.0,5.0,67.0,71.0,53.0,148.0,5.0,3.0,0.0,2.0,4.0,0.0
430533,196470,gyen,48577,DFM,DetonatioN FocusMe,0.56,0.78,136.0,113.0,6.0,2.0,11.0,4.0,3.0,2.0,50.0,71.0,74.0,87.0,18.0,15.0,0.0,0.0,1.0,0.0
430534,196472,primmie,25255,TLN,TALON,1.21,0.98,221.0,267.0,11.0,8.0,9.0,7.0,2.0,1.0,67.0,63.0,112.0,171.0,33.0,29.0,1.0,0.0,0.0,2.0
430534,196472,ban,5129,TLN,TALON,0.81,0.88,181.0,170.0,7.0,5.0,9.0,6.0,0.0,0.0,42.0,75.0,105.0,108.0,26.0,45.0,2.0,0.0,3.0,0.0
430534,196472,Crws,3977,TLN,TALON,0.74,0.86,115.0,198.0,5.0,5.0,9.0,6.0,4.0,2.0,67.0,88.0,85.0,119.0,54.0,29.0,0.0,2.0,0.0,0.0
430534,196472,JitBoyS,13788,TLN,TALON,0.48,0.48,60.0,110.0,2.0,3.0,8.0,7.0,3.0,2.0,42.0,50.0,31.0,73.0,33.0,67.0,1.0,0.0,1.0,1.0
430534,196472,Governor,3980,TLN,TALON,0.5,0.2,134.0,114.0,5.0,3.0,10.0,8.0,4.0,0.0,58.0,38.0,94.0,82.0,26.0,0.0,1.0,2.0,3.0,1.0
430534,196472,Karon,34974,GEN,Gen.G,2.22,1.48,336.0,291.0,10.0,14.0,3.0,6.0,8.0,2.0,100.0,83.0,203.0,173.0,45.0,36.0,1.0,3.0,0.0,0.0
430534,196472,t3xture,9196,GEN,Gen.G,1.99,1.02,352.0,226.0,12.0,9.0,4.0,8.0,1.0,2.0,88.0,83.0,237.0,151.0,25.0,20.0,0.0,3.0,0.0,1.0
430534,196472,yoman,25081,GEN,Gen.G,0.94,1.56,146.0,189.0,4.0,8.0,5.0,4.0,4.0,6.0,88.0,92.0,82.0,150.0,17.0,40.0,1.0,1.0,2.0,0.0
430534,196472,Foxy9,11600,GEN,Gen.G,0.84,1.28,163.0,245.0,5.0,11.0,6.0,6.0,4.0,3.0,100.0,58.0,87.0,154.0,22.0,56.0,0.0,0.0,1.0,1.0
430534,196472,Munchkin,2489,GEN,Gen.G,0.62,0.81,133.0,120.0,3.0,3.0,6.0,6.0,3.0,7.0,75.0,67.0,115.0,74.0,20.0,17.0,2.0,0.0,1.0,3.0
430534,196473,primmie,25255,TLN,TALON,1.01,0.93,356.0,221.0,3.0,8.0,3.0,11.0,1.0,5.0,67.0,67.0,242.0,165.0,46.0,44.0,0.0,0.0,0.0,1.0
430534,196473,JitBoyS,13788,TLN,TALON,0.01,1.22,0.0,180.0,0.0,8.0,3.0,8.0,0.0,3.0,,75.0,0.0,134.0,,47.0,0.0,1.0,1.0,0.0
430534,196473,ban,5129,TLN,TALON,0.57,0.96,131.0,222.0,1.0,9.0,3.0,11.0,1.0,3.0,67.0,75.0,95.0,152.0,14.0,24.0,1.0,1.0,0.0,1.0
430534,196473,Governor,3980,TLN,TALON,0.32,0.28,125.0,104.0,2.0,4.0,3.0,12.0,0.0,2.0,67.0,50.0,41.0,74.0,0.0,8.0,0.0,1.0,1.0,2.0
430534,196473,Crws,3977,TLN,TALON,0.57,0.03,148.0,81.0,1.0,2.0,3.0,12.0,1.0,3.0,67.0,42.0,119.0,57.0,20.0,15.0,0.0,0.0,0.0,5.0
430534,196473,yoman,25081,GEN,Gen.G,1.9,1.79,266.0,229.0,12.0,3.0,3.0,1.0,5.0,1.0,92.0,100.0,137.0,156.0,38.0,25.0,1.0,0.0,0.0,0.0
430534,196473,Foxy9,11600,GEN,Gen.G,1.37,1.24,259.0,248.0,12.0,3.0,6.0,2.0,0.0,1.0,75.0,67.0,152.0,163.0,21.0,42.0,3.0,1.0,1.0,1.0
430534,196473,Munchkin,2489,GEN,Gen.G,1.07,2.12,220.0,518.0,11.0,5.0,7.0,2.0,2.0,1.0,83.0,67.0,137.0,263.0,30.0,21.0,2.0,1.0,0.0,0.0
430534,196473,Karon,34974,GEN,Gen.G,1.06,1.41,185.0,180.0,8.0,3.0,6.0,1.0,4.0,0.0,92.0,100.0,133.0,96.0,33.0,40.0,1.0,0.0,0.0,0.0
430534,196473,t3xture,9196,GEN,Gen.G,0.93,1.03,238.0,92.0,11.0,1.0,9.0,1.0,2.0,1.0,75.0,67.0,155.0,59.0,17.0,0.0,2.0,0.0,2.0,0.0
430535,196475,carpe,31207,T1,T1,1.55,1.76,178.0,241.0,9.0,9.0,4.0,5.0,7.0,3.0,92.0,78.0,146.0,164.0,43.0,47.0,0.0,1.0,0.0,0.0
430535,196475,Meteor,13039,T1,T1,1.1,1.1,178.0,240.0,8.0,7.0,7.0,7.0,2.0,2.0,75.0,67.0,140.0,145.0,24.0,22.0,0.0,1.0,1.0,1.0
430535,196475,stax,485,T1,T1,1.14,1.05,206.0,178.0,10.0,6.0,7.0,7.0,2.0,1.0,67.0,78.0,142.0,146.0,35.0,46.0,0.0,0.0,1.0,0.0
430535,196475,iZu,29833,T1,T1,1.29,0.55,239.0,172.0,10.0,5.0,8.0,9.0,5.0,1.0,92.0,44.0,142.0,112.0,26.0,11.0,1.0,2.0,1.0,1.0
430535,196475,BuZz,804,T1,T1,0.89,0.04,194.0,64.0,7.0,1.0,9.0,9.0,4.0,2.0,92.0,44.0,129.0,49.0,12.0,10.0,3.0,1.0,5.0,2.0
430535,196475,Karon,34974,GEN,Gen.G,1.89,1.11,270.0,202.0,11.0,7.0,3.0,8.0,2.0,9.0,100.0,75.0,195.0,134.0,35.0,45.0,0.0,2.0,0.0,0.0
430535,196475,Munchkin,2489,GEN,Gen.G,1.08,1.14,199.0,252.0,6.0,10.0,5.0,9.0,7.0,4.0,89.0,83.0,131.0,179.0,21.0,30.0,0.0,3.0,1.0,0.0
430535,196475,Foxy9,11600,GEN,Gen.G,1.2,0.49,198.0,102.0,6.0,5.0,4.0,9.0,2.0,1.0,78.0,50.0,135.0,71.0,19.0,12.0,1.0,1.0,2.0,2.0
430535,196475,t3xture,9196,GEN,Gen.G,0.72,0.79,253.0,194.0,9.0,9.0,9.0,9.0,0.0,1.0,78.0,83.0,148.0,122.0,19.0,29.0,2.0,2.0,2.0,1.0
430535,196475,yoman,25081,GEN,Gen.G,0.58,0.37,158.0,119.0,5.0,4.0,7.0,9.0,3.0,2.0,78.0,67.0,98.0,94.0,29.0,22.0,1.0,0.0,0.0,1.0
430535,196476,iZu,29833,T1,T1,1.05,1.59,163.0,206.0,7.0,8.0,7.0,3.0,6.0,2.0,83.0,78.0,109.0,149.0,44.0,30.0,1.0,0.0,2.0,0.0
430535,196476,Meteor,13039,T1,T1,1.19,1.36,236.0,230.0,11.0,9.0,10.0,6.0,3.0,2.0,75.0,78.0,156.0,147.0,38.0,35.0,3.0,0.0,2.0,0.0
430535,196476,BuZz,804,T1,T1,1.12,1.26,259.0,256.0,10.0,7.0,11.0,5.0,6.0,2.0,75.0,78.0,175.0,183.0,9.0,21.0,2.0,5.0,1.0,0.0
430535,196476,carpe,31207,T1,T1,0.97,1.34,173.0,230.0,8.0,7.0,8.0,6.0,4.0,6.0,75.0,78.0,125.0,171.0,32.0,30.0,0.0,2.0,1.0,1.0
430535,196476,stax,485,T1,T1,0.68,1.2,107.0,142.0,4.0,4.0,7.0,3.0,3.0,3.0,75.0,78.0,81.0,117.0,21.0,25.0,0.0,0.0,0.0,1.0
430535,196476,Karon,34974,GEN,Gen.G,0.66,1.76,125.0,316.0,3.0,15.0,7.0,7.0,3.0,9.0,67.0,92.0,80.0,196.0,17.0,34.0,0.0,0.0,1.0,0.0
430535,196476,Munchkin,2489,GEN,Gen.G,0.99,1.07,217.0,208.0,6.0,9.0,7.0,8.0,4.0,6.0,67.0,83.0,139.0,109.0,28.0,17.0,0.0,1.0,1.0,0.0
430535,196476,Foxy9,11600,GEN,Gen.G,0.66,1.28,168.0,238.0,5.0,10.0,7.0,8.0,1.0,3.0,56.0,58.0,114.0,170.0,45.0,34.0,0.0,3.0,1.0,0.0
430535,196476,yoman,25081,GEN,Gen.G,0.78,0.96,167.0,169.0,6.0,6.0,7.0,8.0,1.0,7.0,67.0,75.0,104.0,106.0,17.0,26.0,1.0,0.0,1.0,0.0
430535,196476,t3xture,9196,GEN,Gen.G,0.26,0.32,84.0,100.0,3.0,3.0,7.0,9.0,1.0,2.0,22.0,58.0,56.0,74.0,13.0,25.0,1.0,2.0,3.0,6.0
430535,196477,Meteor,13039,T1,T1,1.22,0.35,284.0,120.0,11.0,2.0,10.0,6.0,5.0,0.0,83.0,33.0,193.0,93.0,20.0,25.0,2.0,0.0,2.0,1.0
430535,196477,carpe,31207,T1,T1,0.8,1.06,167.0,275.0,7.0,6.0,10.0,6.0,5.0,0.0,75.0,67.0,101.0,163.0,33.0,38.0,1.0,2.0,0.0,0.0
430535,196477,iZu,29833,T1,T1,1.24,0.03,250.0,46.0,11.0,0.0,9.0,6.0,1.0,3.0,75.0,50.0,148.0,42.0,55.0,0.0,1.0,0.0,1.0,1.0
430535,196477,stax,485,T1,T1,0.74,0.43,104.0,131.0,5.0,3.0,7.0,6.0,3.0,1.0,58.0,50.0,97.0,71.0,33.0,29.0,1.0,0.0,0.0,1.0
430535,196477,BuZz,804,T1,T1,0.56,0.07,186.0,69.0,7.0,1.0,11.0,6.0,2.0,1.0,50.0,50.0,111.0,46.0,13.0,8.0,1.0,0.0,3.0,1.0
430535,196477,Munchkin,2489,GEN,Gen.G,1.85,1.96,243.0,285.0,5.0,13.0,1.0,6.0,4.0,6.0,100.0,92.0,163.0,195.0,42.0,29.0,1.0,0.0,0.0,0.0
430535,196477,t3xture,9196,GEN,Gen.G,1.5,0.92,242.0,224.0,6.0,9.0,3.0,9.0,2.0,5.0,83.0,58.0,195.0,132.0,22.0,30.0,1.0,0.0,0.0,1.0
430535,196477,yoman,25081,GEN,Gen.G,1.23,1.05,195.0,212.0,5.0,10.0,3.0,8.0,3.0,1.0,83.0,75.0,122.0,136.0,50.0,69.0,1.0,2.0,0.0,1.0
430535,196477,Karon,34974,GEN,Gen.G,0.77,1.22,141.0,268.0,3.0,12.0,4.0,9.0,4.0,4.0,83.0,75.0,101.0,173.0,9.0,26.0,0.0,3.0,2.0,2.0
430535,196477,Foxy9,11600,GEN,Gen.G,2.65,0.22,417.0,83.0,11.0,3.0,1.0,9.0,0.0,2.0,100.0,58.0,224.0,59.0,30.0,14.0,1.0,1.0,0.0,2.0
430535,196478,iZu,29833,T1,T1,1.18,1.34,246.0,303.0,13.0,16.0,11.0,10.0,3.0,5.0,63.0,75.0,177.0,195.0,27.0,23.0,0.0,3.0,1.0,1.0
430535,196478,stax,485,T1,T1,0.75,1.61,166.0,285.0,9.0,19.0,13.0,9.0,6.0,3.0,56.0,75.0,103.0,163.0,24.0,28.0,3.0,1.0,1.0,2.0
430535,196478,Meteor,13039,T1,T1,0.68,0.85,195.0,126.0,10.0,7.0,16.0,8.0,2.0,6.0,50.0,75.0,134.0,100.0,9.0,24.0,2.0,1.0,2.0,1.0
430535,196478,BuZz,804,T1,T1,0.43,1.0,121.0,199.0,7.0,11.0,14.0,10.0,1.0,2.0,50.0,69.0,74.0,128.0,24.0,12.0,2.0,2.0,5.0,2.0
430535,196478,carpe,31207,T1,T1,0.49,0.77,96.0,217.0,4.0,11.0,13.0,14.0,5.0,10.0,56.0,69.0,68.0,139.0,10.0,35.0,0.0,3.0,0.0,0.0
430535,196478,t3xture,9196,GEN,Gen.G,1.14,1.88,233.0,370.0,13.0,22.0,13.0,9.0,4.0,1.0,63.0,81.0,145.0,234.0,21.0,35.0,4.0,4.0,4.0,2.0
430535,196478,Karon,34974,GEN,Gen.G,1.1,1.52,184.0,232.0,9.0,13.0,11.0,5.0,6.0,12.0,75.0,88.0,124.0,149.0,30.0,18.0,0.0,0.0,1.0,1.0
430535,196478,yoman,25081,GEN,Gen.G,1.02,1.01,221.0,164.0,13.0,9.0,14.0,9.0,4.0,10.0,81.0,81.0,132.0,101.0,29.0,15.0,1.0,2.0,1.0,1.0
430535,196478,Munchkin,2489,GEN,Gen.G,0.61,1.32,156.0,240.0,7.0,15.0,13.0,9.0,4.0,5.0,69.0,81.0,115.0,149.0,27.0,26.0,1.0,2.0,3.0,2.0
430535,196478,Foxy9,11600,GEN,Gen.G,0.68,0.81,151.0,151.0,9.0,8.0,13.0,11.0,3.0,6.0,56.0,94.0,101.0,113.0,36.0,37.0,0.0,1.0,1.0,1.0
430535,196479,carpe,31207,T1,T1,1.3,1.19,220.0,221.0,10.0,8.0,7.0,8.0,7.0,3.0,100.0,73.0,140.0,133.0,27.0,36.0,0.0,2.0,0.0,1.0
430535,196479,stax,485,T1,T1,1.47,0.92,214.0,167.0,10.0,7.0,5.0,8.0,7.0,1.0,92.0,55.0,150.0,122.0,32.0,22.0,1.0,0.0,1.0,0.0
430535,196479,iZu,29833,T1,T1,1.31,0.63,242.0,85.0,10.0,3.0,7.0,6.0,7.0,0.0,92.0,55.0,145.0,63.0,11.0,25.0,1.0,0.0,0.0,0.0
430535,196479,Meteor,13039,T1,T1,0.96,0.59,180.0,102.0,8.0,4.0,7.0,8.0,1.0,0.0,75.0,45.0,112.0,74.0,26.0,50.0,0.0,0.0,0.0,2.0
430535,196479,BuZz,804,T1,T1,0.68,0.6,240.0,199.0,10.0,6.0,11.0,11.0,2.0,3.0,75.0,55.0,140.0,118.0,8.0,9.0,5.0,3.0,4.0,3.0
430535,196479,Karon,34974,GEN,Gen.G,1.24,1.39,162.0,249.0,6.0,9.0,4.0,8.0,7.0,4.0,100.0,67.0,115.0,174.0,30.0,47.0,0.0,1.0,0.0,0.0
430535,196479,t3xture,9196,GEN,Gen.G,1.35,1.16,309.0,284.0,11.0,11.0,7.0,10.0,2.0,1.0,73.0,50.0,182.0,172.0,28.0,18.0,3.0,0.0,3.0,3.0
430535,196479,yoman,25081,GEN,Gen.G,1.17,0.8,162.0,176.0,8.0,8.0,5.0,10.0,3.0,4.0,82.0,75.0,98.0,100.0,18.0,28.0,0.0,3.0,2.0,1.0
430535,196479,Foxy9,11600,GEN,Gen.G,1.16,0.5,219.0,110.0,9.0,4.0,6.0,9.0,1.0,2.0,91.0,58.0,136.0,68.0,24.0,14.0,1.0,0.0,0.0,1.0
430535,196479,Munchkin,2489,GEN,Gen.G,0.87,0.63,181.0,157.0,7.0,5.0,6.0,11.0,2.0,7.0,82.0,75.0,103.0,104.0,5.0,17.0,2.0,1.0,0.0,2.0
