match_id,game_id,player,tag,agent,m2k,m3k,m4k,m5k,c1v1,c1v2,c1v3,c1v4,c1v5,econ,plants,defuses,team
542195,233397,Jinggg,PRX,raze,5.0,3.0,0.0,0.0,0.0,0.0,0.0,0.0,0.0,89.0,0.0,1.0,Paper Rex
542195,233397,f0rsakeN,PRX,brimstone,4.0,1.0,0.0,0.0,0.0,0.0,0.0,0.0,0.0,67.0,1.0,0.0,Paper Rex
542195,233397,d4v41,PRX,viper,0.0,1.0,0.0,0.0,0.0,0.0,0.0,0.0,0.0,53.0,2.0,1.0,Paper Rex
542195,233397,PatMen,PRX,fade,3.0,0.0,0.0,0.0,0.0,0.0,0.0,0.0,0.0,45.0,4.0,0.0,Paper Rex
542195,233397,something,PRX,yoru,5.0,0.0,1.0,0.0,0.0,1.0,0.0,0.0,0.0,68.0,0.0,1.0,Paper Rex
542195,233397,NoMan,XLG,skye,6.0,0.0,0.0,0.0,0.0,0.0,0.0,0.0,0.0,50.0,1.0,0.0,Xi Lai Gaming
542195,233397,coconut,XLG,gekko,5.0,0.0,0.0,0.0,0.0,0.0,0.0,0.0,0.0,39.0,7.0,0.0,Xi Lai Gaming
542195,233397,Rarga,XLG,raze,3.0,0.0,0.0,0.0,0.0,1.0,0.0,0.0,0.0,54.0,0.0,1.0,Xi Lai Gaming
542195,233397,Viva,XLG,brimstone,2.0,0.0,1.0,0.0,0.0,1.0,0.0,1.0,0.0,45.0,0.0,0.0,Xi Lai Gaming
542195,233397,happywei,XLG,viper,0.0,0.0,0.0,0.0,0.0,0.0,0.0,0.0,0.0,34.0,1.0,1.0,Xi Lai Gaming
542195,233398,Jinggg,PRX,raze,3.0,2.0,0.0,0.0,0.0,0.0,0.0,0.0,0.0,57.0,0.0,1.0,Paper Rex
542195,233398,f0rsakeN,PRX,omen,1.0,0.0,3.0,0.0,0.0,1.0,0.0,0.0,0.0,64.0,0.0,0.0,Paper Rex
542195,233398,d4v41,PRX,sage,2.0,1.0,0.0,0.0,3.0,0.0,0.0,0.0,0.0,33.0,3.0,2.0,Paper Rex
542195,233398,PatMen,PRX,viper,1.0,0.0,0.0,0.0,0.0,0.0,0.0,0.0,0.0,26.0,0.0,0.0,Paper Rex
542195,233398,something,PRX,sova,2.0,1.0,0.0,1.0,1.0,0.0,0.0,0.0,0.0,88.0,1.0,1.0,Paper Rex
542195,233398,NoMan,XLG,neon,4.0,1.0,0.0,0.0,0.0,0.0,0.0,0.0,0.0,84.0,0.0,0.0,Xi Lai Gaming
542195,233398,coconut,XLG,omen,2.0,0.0,0.0,0.0,0.0,0.0,0.0,0.0,0.0,37.0,2.0,0.0,Xi Lai Gaming
542195,233398,Rarga,XLG,yoru,3.0,1.0,0.0,0.0,0.0,0.0,0.0,0.0,0.0,41.0,0.0,0.0,Xi Lai Gaming
542195,233398,Viva,XLG,sova,0.0,0.0,0.0,0.0,1.0,0.0,0.0,0.0,0.0,32.0,6.0,0.0,Xi Lai Gaming
542195,233398,happywei,XLG,cypher,1.0,2.0,0.0,0.0,0.0,0.0,0.0,0.0,0.0,71.0,0.0,0.0,Xi Lai Gaming
542196,233400,Cloud,GX,fade,1.0,0.0,0.0,0.0,0.0,0.0,0.0,0.0,0.0,41.0,0.0,0.0,GIANTX
542196,233400,grubinho,GX,omen,3.0,0.0,0.0,0.0,0.0,0.0,0.0,0.0,0.0,35.0,1.0,0.0,GIANTX
542196,233400,Flickless,GX,viper,2.0,0.0,0.0,0.0,0.0,0.0,0.0,0.0,0.0,29.0,0.0,0.0,GIANTX
542196,233400,ara,GX,yoru,2.0,1.0,0.0,0.0,0.0,0.0,0.0,0.0,0.0,45.0,0.0,1.0,GIANTX
542196,233400,westside,GX,vyse,2.0,1.0,0.0,0.0,0.0,0.0,0.0,0.0,0.0,37.0,1.0,0.0,GIANTX
542196,233400,Zellsis,SEN,vyse,1.0,0.0,0.0,0.0,0.0,0.0,0.0,0.0,0.0,39.0,0.0,1.0,Sentinels
542196,233400,johnqt,SEN,viper,2.0,1.0,0.0,0.0,0.0,0.0,0.0,0.0,0.0,74.0,2.0,0.0,Sentinels
542196,233400,bang,SEN,omen,3.0,0.0,0.0,0.0,0.0,0.0,0.0,0.0,0.0,45.0,3.0,0.0,Sentinels
542196,233400,zekken,SEN,neon,2.0,3.0,1.0,0.0,0.0,0.0,0.0,0.0,0.0,66.0,0.0,0.0,Sentinels
542196,233400,N4RRATE,SEN,fade,4.0,0.0,1.0,0.0,1.0,0.0,0.0,0.0,0.0,77.0,2.0,1.0,Sentinels
542196,233401,Cloud,GX,sova,7.0,1.0,0.0,0.0,0.0,0.0,0.0,0.0,0.0,102.0,3.0,0.0,GIANTX
542196,233401,grubinho,GX,omen,2.0,0.0,0.0,0.0,0.0,0.0,0.0,0.0,0.0,55.0,0.0,0.0,GIANTX
542196,233401,Flickless,GX,breach,2.0,1.0,0.0,0.0,0.0,1.0,0.0,0.0,0.0,59.0,1.0,2.0,GIANTX
542196,233401,ara,GX,neon,2.0,1.0,0.0,0.0,0.0,0.0,0.0,0.0,0.0,34.0,0.0,0.0,GIANTX
542196,233401,westside,GX,cypher,4.0,1.0,0.0,0.0,1.0,0.0,0.0,0.0,0.0,86.0,0.0,0.0,GIANTX
542196,233401,Zellsis,SEN,breach,1.0,0.0,0.0,0.0,0.0,0.0,0.0,0.0,0.0,39.0,0.0,0.0,Sentinels
542196,233401,johnqt,SEN,cypher,1.0,2.0,0.0,0.0,0.0,0.0,0.0,0.0,0.0,55.0,0.0,0.0,Sentinels
542196,233401,bang,SEN,omen,1.0,0.0,0.0,0.0,0.0,0.0,0.0,0.0,0.0,22.0,2.0,0.0,Sentinels
542196,233401,zekken,SEN,neon,1.0,0.0,0.0,0.0,0.0,0.0,0.0,0.0,0.0,40.0,0.0,0.0,Sentinels
542196,233401,N4RRATE,SEN,fade,2.0,1.0,0.0,0.0,1.0,0.0,0.0,0.0,0.0,58.0,2.0,1.0,Sentinels
542196,233402,Cloud,GX,sova,5.0,1.0,0.0,0.0,0.0,0.0,0.0,0.0,0.0,64.0,2.0,0.0,GIANTX
542196,233402,grubinho,GX,omen,4.0,2.0,0.0,0.0,1.0,0.0,0.0,0.0,0.0,41.0,0.0,0.0,GIANTX
542196,233402,Flickless,GX,breach,2.0,0.0,0.0,0.0,0.0,0.0,0.0,0.0,0.0,52.0,7.0,1.0,GIANTX
542196,233402,ara,GX,neon,5.0,1.0,0.0,0.0,0.0,0.0,0.0,0.0,0.0,67.0,0.0,0.0,GIANTX
542196,233402,westside,GX,cypher,2.0,0.0,0.0,0.0,0.0,0.0,0.0,0.0,0.0,39.0,1.0,0.0,GIANTX
542196,233402,Zellsis,SEN,killjoy,2.0,0.0,0.0,0.0,0.0,0.0,0.0,0.0,0.0,40.0,0.0,0.0,Sentinels
542196,233402,johnqt,SEN,viper,3.0,0.0,0.0,0.0,0.0,0.0,0.0,0.0,0.0,54.0,3.0,1.0,Sentinels
542196,233402,bang,SEN,omen,2.0,0.0,0.0,0.0,0.0,0.0,0.0,0.0,0.0,38.0,2.0,0.0,Sentinels
542196,233402,zekken,SEN,neon,2.0,1.0,1.0,0.0,0.0,0.0,1.0,0.0,0.0,60.0,1.0,0.0,Sentinels
542196,233402,N4RRATE,SEN,sova,2.0,1.0,0.0,0.0,0.0,0.0,0.0,0.0,0.0,46.0,3.0,0.0,Sentinels
542197,233403,Jinggg,PRX,sage,2.0,0.0,0.0,0.0,0.0,0.0,0.0,0.0,0.0,43.0,1.0,0.0,Paper Rex
542197,233403,f0rsakeN,PRX,omen,4.0,1.0,0.0,0.0,0.0,0.0,0.0,0.0,0.0,42.0,3.0,0.0,Paper Rex
542197,233403,d4v41,PRX,vyse,3.0,0.0,0.0,0.0,1.0,0.0,0.0,0.0,0.0,48.0,0.0,0.0,Paper Rex
542197,233403,PatMen,PRX,sova,4.0,0.0,0.0,0.0,0.0,0.0,0.0,0.0,0.0,50.0,2.0,0.0,Paper Rex
542197,233403,something,PRX,yoru,3.0,0.0,0.0,1.0,1.0,0.0,0.0,0.0,0.0,47.0,0.0,2.0,Paper Rex
542197,233403,Cloud,GX,sova,3.0,1.0,0.0,0.0,0.0,0.0,0.0,0.0,0.0,66.0,1.0,1.0,GIANTX
542197,233403,grubinho,GX,omen,1.0,0.0,0.0,0.0,0.0,0.0,0.0,0.0,0.0,38.0,0.0,0.0,GIANTX
542197,233403,Flickless,GX,kayo,2.0,0.0,0.0,0.0,0.0,0.0,0.0,0.0,0.0,40.0,4.0,0.0,GIANTX
542197,233403,ara,GX,jett,6.0,3.0,0.0,0.0,0.0,0.0,0.0,0.0,0.0,64.0,1.0,0.0,GIANTX
542197,233403,westside,GX,cypher,5.0,1.0,0.0,0.0,1.0,0.0,0.0,0.0,0.0,58.0,0.0,1.0,GIANTX
542197,233404,Jinggg,PRX,raze,2.0,2.0,0.0,0.0,0.0,0.0,0.0,0.0,0.0,61.0,1.0,0.0,Paper Rex
542197,233404,f0rsakeN,PRX,omen,2.0,0.0,0.0,0.0,1.0,0.0,0.0,0.0,0.0,33.0,4.0,0.0,Paper Rex
542197,233404,d4v41,PRX,vyse,2.0,2.0,1.0,0.0,0.0,0.0,0.0,0.0,0.0,62.0,2.0,0.0,Paper Rex
542197,233404,PatMen,PRX,fade,1.0,1.0,0.0,0.0,0.0,0.0,0.0,0.0,0.0,37.0,2.0,0.0,Paper Rex
542197,233404,something,PRX,yoru,4.0,3.0,0.0,0.0,0.0,0.0,0.0,0.0,0.0,64.0,0.0,1.0,Paper Rex
542197,233404,Cloud,GX,fade,2.0,1.0,0.0,0.0,1.0,0.0,0.0,0.0,0.0,41.0,5.0,0.0,GIANTX
542197,233404,grubinho,GX,omen,0.0,0.0,1.0,0.0,0.0,0.0,0.0,0.0,0.0,46.0,1.0,0.0,GIANTX
542197,233404,Flickless,GX,viper,2.0,1.0,0.0,0.0,0.0,0.0,0.0,0.0,0.0,50.0,0.0,1.0,GIANTX
542197,233404,ara,GX,raze,2.0,1.0,0.0,0.0,0.0,0.0,0.0,0.0,0.0,37.0,0.0,1.0,GIANTX
542197,233404,westside,GX,cypher,2.0,1.0,0.0,0.0,0.0,0.0,0.0,0.0,0.0,61.0,0.0,0.0,GIANTX
542197,233405,Jinggg,PRX,raze,8.0,1.0,0.0,0.0,0.0,0.0,0.0,0.0,0.0,70.0,1.0,0.0,Paper Rex
542197,233405,f0rsakeN,PRX,omen,2.0,0.0,0.0,0.0,0.0,0.0,0.0,0.0,0.0,42.0,1.0,0.0,Paper Rex
542197,233405,d4v41,PRX,sage,2.0,0.0,0.0,0.0,1.0,0.0,0.0,0.0,0.0,39.0,4.0,1.0,Paper Rex
542197,233405,PatMen,PRX,viper,2.0,1.0,0.0,0.0,0.0,0.0,0.0,0.0,0.0,48.0,0.0,0.0,Paper Rex
542197,233405,something,PRX,sova,5.0,1.0,1.0,0.0,0.0,0.0,0.0,0.0,0.0,69.0,2.0,1.0,Paper Rex
542197,233405,Cloud,GX,sova,0.0,1.0,0.0,0.0,0.0,0.0,0.0,0.0,0.0,50.0,2.0,0.0,GIANTX
542197,233405,grubinho,GX,omen,3.0,1.0,0.0,0.0,1.0,0.0,0.0,0.0,0.0,51.0,0.0,1.0,GIANTX
542197,233405,Flickless,GX,breach,3.0,1.0,0.0,0.0,0.0,0.0,0.0,0.0,0.0,55.0,1.0,0.0,GIANTX
542197,233405,ara,GX,neon,1.0,0.0,1.0,0.0,0.0,0.0,0.0,1.0,0.0,45.0,0.0,0.0,GIANTX
542197,233405,westside,GX,cypher,0.0,1.0,0.0,0.0,0.0,0.0,0.0,0.0,0.0,45.0,0.0,0.0,GIANTX
542198,233406,NoMan,XLG,jett,2.0,0.0,0.0,0.0,0.0,0.0,0.0,0.0,0.0,42.0,0.0,0.0,Xi Lai Gaming
542198,233406,coconut,XLG,astra,3.0,1.0,0.0,0.0,0.0,0.0,0.0,0.0,0.0,46.0,0.0,1.0,Xi Lai Gaming
542198,233406,Rarga,XLG,yoru,2.0,0.0,0.0,0.0,0.0,0.0,0.0,0.0,0.0,39.0,0.0,0.0,Xi Lai Gaming
542198,233406,Viva,XLG,sova,2.0,2.0,0.0,0.0,0.0,0.0,0.0,0.0,0.0,54.0,8.0,2.0,Xi Lai Gaming
542198,233406,happywei,XLG,omen,3.0,0.0,0.0,0.0,0.0,0.0,0.0,0.0,0.0,49.0,1.0,0.0,Xi Lai Gaming
542198,233406,Zellsis,SEN,kayo,3.0,1.0,0.0,0.0,0.0,0.0,0.0,0.0,0.0,47.0,4.0,1.0,Sentinels
542198,233406,johnqt,SEN,sova,1.0,1.0,0.0,0.0,0.0,0.0,0.0,0.0,0.0,48.0,4.0,2.0,Sentinels
542198,233406,bang,SEN,astra,3.0,1.0,0.0,0.0,0.0,1.0,0.0,0.0,0.0,48.0,1.0,0.0,Sentinels
542198,233406,zekken,SEN,jett,2.0,2.0,0.0,0.0,0.0,0.0,0.0,0.0,0.0,59.0,0.0,0.0,Sentinels
542198,233406,N4RRATE,SEN,omen,4.0,1.0,0.0,0.0,0.0,0.0,0.0,0.0,0.0,52.0,1.0,1.0,Sentinels
542198,233407,NoMan,XLG,deadlock,3.0,1.0,0.0,0.0,1.0,0.0,0.0,0.0,0.0,54.0,4.0,1.0,Xi Lai Gaming
542198,233407,coconut,XLG,omen,4.0,1.0,0.0,0.0,0.0,0.0,0.0,0.0,0.0,39.0,2.0,0.0,Xi Lai Gaming
542198,233407,Rarga,XLG,sage,5.0,0.0,0.0,0.0,0.0,0.0,0.0,0.0,0.0,49.0,0.0,0.0,Xi Lai Gaming
542198,233407,Viva,XLG,fade,2.0,0.0,0.0,0.0,0.0,0.0,0.0,0.0,0.0,48.0,5.0,1.0,Xi Lai Gaming
542198,233407,happywei,XLG,cypher,3.0,2.0,0.0,0.0,1.0,0.0,0.0,0.0,0.0,60.0,0.0,1.0,Xi Lai Gaming
542198,233407,Zellsis,SEN,vyse,3.0,0.0,0.0,0.0,0.0,0.0,0.0,0.0,0.0,41.0,0.0,1.0,Sentinels
542198,233407,johnqt,SEN,viper,2.0,0.0,0.0,0.0,0.0,0.0,0.0,0.0,0.0,56.0,1.0,0.0,Sentinels
542198,233407,bang,SEN,omen,3.0,0.0,0.0,0.0,0.0,0.0,0.0,0.0,0.0,33.0,1.0,0.0,Sentinels
542198,233407,zekken,SEN,raze,4.0,2.0,0.0,1.0,0.0,0.0,0.0,0.0,0.0,65.0,4.0,1.0,Sentinels
542198,233407,N4RRATE,SEN,fade,2.0,1.0,0.0,0.0,1.0,0.0,0.0,0.0,0.0,34.0,5.0,0.0,Sentinels
542198,233408,NoMan,XLG,killjoy,5.0,3.0,0.0,0.0,0.0,0.0,0.0,0.0,0.0,94.0,0.0,1.0,Xi Lai Gaming
542198,233408,coconut,XLG,omen,2.0,1.0,0.0,0.0,0.0,0.0,0.0,0.0,0.0,33.0,2.0,0.0,Xi Lai Gaming
542198,233408,Rarga,XLG,neon,3.0,2.0,0.0,0.0,0.0,0.0,0.0,0.0,0.0,58.0,0.0,1.0,Xi Lai Gaming
542198,233408,Viva,XLG,sova,2.0,0.0,0.0,0.0,0.0,0.0,0.0,0.0,0.0,44.0,6.0,0.0,Xi Lai Gaming
542198,233408,happywei,XLG,viper,6.0,2.0,0.0,0.0,0.0,0.0,0.0,0.0,0.0,83.0,0.0,0.0,Xi Lai Gaming
542198,233408,Zellsis,SEN,killjoy,0.0,0.0,0.0,0.0,0.0,0.0,0.0,0.0,0.0,37.0,0.0,0.0,Sentinels
542198,233408,johnqt,SEN,viper,5.0,0.0,0.0,0.0,1.0,1.0,0.0,0.0,0.0,63.0,3.0,0.0,Sentinels
542198,233408,bang,SEN,omen,0.0,2.0,0.0,0.0,0.0,0.0,0.0,0.0,0.0,38.0,0.0,0.0,Sentinels
542198,233408,zekken,SEN,neon,2.0,1.0,0.0,0.0,0.0,1.0,0.0,0.0,0.0,43.0,1.0,1.0,Sentinels
542198,233408,N4RRATE,SEN,sova,2.0,0.0,0.0,0.0,0.0,0.0,0.0,0.0,0.0,37.0,1.0,0.0,Sentinels
542199,233409,Cloud,GX,gekko,2.0,1.0,0.0,0.0,1.0,0.0,0.0,0.0,0.0,50.0,9.0,1.0,GIANTX
542199,233409,grubinho,GX,astra,3.0,0.0,0.0,0.0,1.0,1.0,0.0,0.0,0.0,48.0,0.0,1.0,GIANTX
542199,233409,Flickless,GX,viper,1.0,0.0,0.0,0.0,1.0,0.0,0.0,0.0,0.0,30.0,1.0,0.0,GIANTX
542199,233409,ara,GX,raze,8.0,2.0,0.0,0.0,0.0,0.0,1.0,0.0,0.0,56.0,0.0,0.0,GIANTX
542199,233409,westside,GX,deadlock,3.0,0.0,0.0,0.0,0.0,0.0,0.0,0.0,0.0,42.0,1.0,1.0,GIANTX
542199,233409,NoMan,XLG,skye,2.0,2.0,0.0,0.0,0.0,0.0,0.0,0.0,0.0,41.0,0.0,1.0,Xi Lai Gaming
542199,233409,coconut,XLG,gekko,2.0,0.0,0.0,0.0,0.0,0.0,0.0,0.0,0.0,31.0,7.0,0.0,Xi Lai Gaming
542199,233409,Rarga,XLG,waylay,4.0,1.0,1.0,0.0,0.0,0.0,0.0,0.0,0.0,43.0,1.0,0.0,Xi Lai Gaming
542199,233409,Viva,XLG,brimstone,2.0,2.0,1.0,0.0,0.0,0.0,0.0,0.0,0.0,75.0,3.0,2.0,Xi Lai Gaming
542199,233409,happywei,XLG,viper,5.0,2.0,0.0,0.0,1.0,0.0,0.0,0.0,0.0,68.0,0.0,0.0,Xi Lai Gaming
542199,233410,Cloud,GX,sova,2.0,1.0,0.0,0.0,0.0,0.0,0.0,0.0,0.0,64.0,2.0,0.0,GIANTX
542199,233410,grubinho,GX,omen,2.0,0.0,0.0,0.0,0.0,0.0,0.0,0.0,0.0,29.0,0.0,0.0,GIANTX
542199,233410,Flickless,GX,kayo,4.0,1.0,0.0,0.0,0.0,0.0,0.0,0.0,0.0,61.0,2.0,0.0,GIANTX
542199,233410,ara,GX,jett,1.0,5.0,1.0,0.0,0.0,0.0,0.0,0.0,0.0,74.0,1.0,2.0,GIANTX
542199,233410,westside,GX,cypher,2.0,1.0,0.0,0.0,0.0,0.0,0.0,0.0,0.0,39.0,0.0,0.0,GIANTX
542199,233410,NoMan,XLG,kayo,3.0,1.0,1.0,0.0,0.0,0.0,0.0,0.0,0.0,62.0,1.0,0.0,Xi Lai Gaming
542199,233410,coconut,XLG,omen,2.0,0.0,0.0,0.0,0.0,0.0,0.0,0.0,0.0,30.0,0.0,0.0,Xi Lai Gaming
542199,233410,Rarga,XLG,jett,2.0,2.0,0.0,0.0,0.0,0.0,0.0,0.0,0.0,48.0,0.0,0.0,Xi Lai Gaming
542199,233410,Viva,XLG,sova,1.0,2.0,0.0,0.0,0.0,0.0,0.0,0.0,0.0,65.0,3.0,0.0,Xi Lai Gaming
542199,233410,happywei,XLG,cypher,0.0,2.0,0.0,0.0,0.0,0.0,0.0,0.0,0.0,38.0,0.0,0.0,Xi Lai Gaming
542200,233412,Knight,BLG,sova,3.0,0.0,0.0,0.0,0.0,0.0,0.0,0.0,0.0,64.0,1.0,0.0,Guangzhou Huadu Bilibili Gaming (Bilibili Gaming)
542200,233412,whzy,BLG,neon,1.0,0.0,0.0,0.0,0.0,0.0,0.0,0.0,0.0,34.0,0.0,0.0,Guangzhou Huadu Bilibili Gaming (Bilibili Gaming)
542200,233412,nephh,BLG,breach,0.0,0.0,0.0,0.0,0.0,0.0,0.0,0.0,0.0,40.0,0.0,0.0,Guangzhou Huadu Bilibili Gaming (Bilibili Gaming)
542200,233412,Levius,BLG,cypher,2.0,0.0,0.0,0.0,0.0,1.0,0.0,0.0,0.0,19.0,0.0,1.0,Guangzhou Huadu Bilibili Gaming (Bilibili Gaming)
542200,233412,rushia,BLG,omen,0.0,0.0,0.0,0.0,0.0,0.0,0.0,0.0,0.0,32.0,0.0,0.0,Guangzhou Huadu Bilibili Gaming (Bilibili Gaming)
542200,233412,cortezia,MIBR,killjoy,3.0,0.0,0.0,0.0,1.0,0.0,0.0,0.0,0.0,70.0,2.0,1.0,MIBR
542200,233412,artzin,MIBR,viper,4.0,0.0,0.0,0.0,0.0,0.0,0.0,0.0,0.0,47.0,1.0,0.0,MIBR
542200,233412,aspas,MIBR,neon,0.0,1.0,1.0,0.0,0.0,0.0,0.0,0.0,0.0,80.0,0.0,0.0,MIBR
542200,233412,xenom,MIBR,omen,2.0,0.0,0.0,0.0,0.0,0.0,0.0,0.0,0.0,33.0,2.0,0.0,MIBR
542200,233412,Verno,MIBR,sova,2.0,0.0,2.0,0.0,0.0,1.0,0.0,0.0,0.0,93.0,5.0,0.0,MIBR
542200,233413,Knight,BLG,sova,3.0,0.0,0.0,0.0,0.0,0.0,0.0,0.0,0.0,52.0,1.0,2.0,Guangzhou Huadu Bilibili Gaming (Bilibili Gaming)
542200,233413,whzy,BLG,neon,1.0,0.0,1.0,0.0,0.0,0.0,0.0,0.0,0.0,34.0,0.0,0.0,Guangzhou Huadu Bilibili Gaming (Bilibili Gaming)
542200,233413,nephh,BLG,deadlock,2.0,1.0,0.0,0.0,0.0,0.0,0.0,0.0,0.0,52.0,3.0,1.0,Guangzhou Huadu Bilibili Gaming (Bilibili Gaming)
542200,233413,Levius,BLG,viper,3.0,1.0,0.0,0.0,0.0,0.0,0.0,0.0,0.0,57.0,0.0,0.0,Guangzhou Huadu Bilibili Gaming (Bilibili Gaming)
542200,233413,rushia,BLG,omen,3.0,0.0,0.0,0.0,0.0,0.0,0.0,0.0,0.0,40.0,0.0,1.0,Guangzhou Huadu Bilibili Gaming (Bilibili Gaming)
542200,233413,cortezia,MIBR,viper,2.0,2.0,0.0,0.0,0.0,0.0,0.0,0.0,0.0,53.0,1.0,0.0,MIBR
542200,233413,artzin,MIBR,kayo,3.0,1.0,0.0,0.0,0.0,0.0,0.0,0.0,0.0,58.0,2.0,0.0,MIBR
542200,233413,aspas,MIBR,waylay,6.0,0.0,0.0,1.0,0.0,0.0,0.0,0.0,0.0,63.0,0.0,1.0,MIBR
542200,233413,xenom,MIBR,omen,1.0,1.0,0.0,0.0,0.0,0.0,0.0,0.0,0.0,35.0,2.0,0.0,MIBR
542200,233413,Verno,MIBR,sova,6.0,0.0,0.0,0.0,0.0,0.0,0.0,0.0,0.0,56.0,4.0,1.0,MIBR
542201,233415,crazyguy,RRQ,tejo,1.0,0.0,0.0,0.0,0.0,0.0,0.0,0.0,0.0,36.0,1.0,0.0,Rex Regum Qeon
542201,233415,Kushy,RRQ,sova,3.0,0.0,0.0,1.0,0.0,1.0,0.0,0.0,0.0,72.0,3.0,1.0,Rex Regum Qeon
542201,233415,xffero,RRQ,cypher,3.0,0.0,1.0,0.0,0.0,1.0,0.0,0.0,0.0,49.0,0.0,1.0,Rex Regum Qeon
542201,233415,Monyet,RRQ,omen,1.0,0.0,0.0,0.0,0.0,0.0,0.0,0.0,0.0,28.0,3.0,0.0,Rex Regum Qeon
542201,233415,Jemkin,RRQ,yoru,1.0,3.0,0.0,0.0,0.0,0.0,0.0,0.0,0.0,53.0,0.0,0.0,Rex Regum Qeon
542201,233415,crashies,FNC,sova,3.0,1.0,0.0,0.0,0.0,1.0,0.0,0.0,0.0,55.0,3.0,1.0,FNATIC
542201,233415,Boaster,FNC,omen,2.0,0.0,0.0,0.0,0.0,0.0,0.0,0.0,0.0,36.0,3.0,1.0,FNATIC
542201,233415,Chronicle,FNC,vyse,3.0,2.0,1.0,1.0,0.0,0.0,0.0,0.0,0.0,104.0,1.0,1.0,FNATIC
542201,233415,kaajak,FNC,yoru,0.0,0.0,0.0,0.0,0.0,0.0,0.0,0.0,0.0,35.0,1.0,0.0,FNATIC
542201,233415,Alfajer,FNC,sage,5.0,1.0,0.0,0.0,0.0,0.0,0.0,0.0,0.0,52.0,1.0,0.0,FNATIC
542201,233416,crazyguy,RRQ,sova,3.0,0.0,0.0,0.0,2.0,0.0,0.0,0.0,0.0,54.0,3.0,0.0,Rex Regum Qeon
542201,233416,Kushy,RRQ,kayo,4.0,0.0,1.0,0.0,0.0,0.0,0.0,0.0,0.0,61.0,4.0,0.0,Rex Regum Qeon
542201,233416,xffero,RRQ,cypher,0.0,0.0,0.0,0.0,0.0,0.0,0.0,0.0,0.0,23.0,2.0,0.0,Rex Regum Qeon
542201,233416,Monyet,RRQ,omen,4.0,0.0,0.0,0.0,0.0,0.0,0.0,0.0,0.0,30.0,3.0,0.0,Rex Regum Qeon
542201,233416,Jemkin,RRQ,jett,2.0,0.0,0.0,0.0,0.0,0.0,0.0,0.0,0.0,36.0,0.0,0.0,Rex Regum Qeon
542201,233416,crashies,FNC,sova,1.0,0.0,0.0,0.0,0.0,0.0,0.0,0.0,0.0,32.0,2.0,0.0,FNATIC
542201,233416,Boaster,FNC,astra,6.0,2.0,1.0,0.0,1.0,1.0,0.0,0.0,0.0,128.0,2.0,4.0,FNATIC
542201,233416,Chronicle,FNC,breach,3.0,2.0,0.0,0.0,0.0,0.0,0.0,0.0,0.0,77.0,3.0,0.0,FNATIC
542201,233416,kaajak,FNC,waylay,4.0,0.0,0.0,0.0,0.0,0.0,0.0,0.0,0.0,38.0,0.0,0.0,FNATIC
542201,233416,Alfajer,FNC,cypher,4.0,1.0,0.0,0.0,0.0,0.0,0.0,0.0,0.0,66.0,1.0,1.0,FNATIC
542202,233418,cortezia,MIBR,viper,4.0,2.0,0.0,0.0,1.0,1.0,0.0,0.0,0.0,55.0,2.0,1.0,MIBR
542202,233418,artzin,MIBR,yoru,4.0,1.0,0.0,0.0,0.0,0.0,0.0,0.0,0.0,47.0,1.0,0.0,MIBR
542202,233418,aspas,MIBR,raze,2.0,2.0,0.0,0.0,0.0,0.0,0.0,0.0,0.0,74.0,0.0,0.0,MIBR
542202,233418,xenom,MIBR,brimstone,1.0,1.0,0.0,0.0,0.0,0.0,0.0,0.0,0.0,45.0,1.0,0.0,MIBR
542202,233418,Verno,MIBR,fade,0.0,1.0,1.0,0.0,0.0,0.0,0.0,0.0,0.0,44.0,5.0,1.0,MIBR
542202,233418,crashies,FNC,fade,2.0,0.0,1.0,0.0,0.0,0.0,0.0,0.0,0.0,55.0,2.0,0.0,FNATIC
542202,233418,Boaster,FNC,astra,1.0,0.0,0.0,0.0,0.0,0.0,0.0,0.0,0.0,29.0,1.0,0.0,FNATIC
542202,233418,Chronicle,FNC,viper,1.0,0.0,0.0,0.0,0.0,0.0,0.0,0.0,0.0,55.0,0.0,0.0,FNATIC
542202,233418,kaajak,FNC,yoru,3.0,0.0,0.0,0.0,0.0,0.0,0.0,0.0,0.0,53.0,0.0,1.0,FNATIC
542202,233418,Alfajer,FNC,tejo,3.0,0.0,0.0,0.0,0.0,0.0,0.0,0.0,0.0,45.0,0.0,1.0,FNATIC
542202,233419,cortezia,MIBR,cypher,4.0,0.0,0.0,0.0,0.0,0.0,0.0,0.0,0.0,33.0,0.0,0.0,MIBR
542202,233419,artzin,MIBR,kayo,1.0,1.0,0.0,0.0,0.0,0.0,0.0,0.0,0.0,33.0,4.0,0.0,MIBR
542202,233419,aspas,MIBR,jett,4.0,2.0,0.0,0.0,0.0,0.0,0.0,0.0,0.0,78.0,0.0,0.0,MIBR
542202,233419,xenom,MIBR,astra,1.0,0.0,0.0,0.0,0.0,0.0,0.0,0.0,0.0,20.0,1.0,0.0,MIBR
542202,233419,Verno,MIBR,sova,3.0,2.0,0.0,0.0,0.0,0.0,0.0,0.0,0.0,47.0,3.0,0.0,MIBR
542202,233419,crashies,FNC,sova,1.0,1.0,0.0,0.0,0.0,0.0,0.0,0.0,0.0,78.0,2.0,0.0,FNATIC
542202,233419,Boaster,FNC,astra,2.0,1.0,0.0,0.0,0.0,1.0,0.0,0.0,0.0,53.0,0.0,0.0,FNATIC
542202,233419,Chronicle,FNC,breach,3.0,0.0,0.0,0.0,0.0,0.0,0.0,0.0,0.0,41.0,5.0,0.0,FNATIC
542202,233419,kaajak,FNC,waylay,1.0,2.0,0.0,0.0,0.0,0.0,0.0,0.0,0.0,50.0,0.0,0.0,FNATIC
542202,233419,Alfajer,FNC,cypher,4.0,0.0,1.0,0.0,0.0,0.0,0.0,0.0,0.0,67.0,1.0,1.0,FNATIC
542202,233420,cortezia,MIBR,killjoy,1.0,0.0,0.0,0.0,0.0,0.0,0.0,0.0,0.0,37.0,0.0,0.0,MIBR
542202,233420,artzin,MIBR,viper,2.0,2.0,0.0,0.0,1.0,0.0,0.0,0.0,0.0,76.0,0.0,0.0,MIBR
542202,233420,aspas,MIBR,neon,3.0,0.0,0.0,0.0,0.0,0.0,0.0,0.0,0.0,35.0,0.0,0.0,MIBR
542202,233420,xenom,MIBR,omen,2.0,1.0,1.0,0.0,0.0,0.0,0.0,0.0,0.0,61.0,1.0,0.0,MIBR
542202,233420,Verno,MIBR,sova,2.0,0.0,0.0,0.0,0.0,1.0,0.0,0.0,0.0,34.0,2.0,0.0,MIBR
542202,233420,crashies,FNC,sova,4.0,1.0,0.0,0.0,0.0,0.0,0.0,0.0,0.0,53.0,3.0,0.0,FNATIC
542202,233420,Boaster,FNC,omen,1.0,1.0,0.0,0.0,0.0,0.0,0.0,0.0,0.0,42.0,1.0,0.0,FNATIC
542202,233420,Chronicle,FNC,viper,3.0,1.0,0.0,0.0,0.0,0.0,1.0,0.0,0.0,58.0,1.0,0.0,FNATIC
542202,233420,kaajak,FNC,yoru,4.0,2.0,0.0,0.0,0.0,0.0,0.0,0.0,0.0,51.0,0.0,0.0,FNATIC
542202,233420,Alfajer,FNC,killjoy,3.0,0.0,0.0,0.0,0.0,0.0,0.0,0.0,0.0,48.0,0.0,0.0,FNATIC
542203,233421,Knight,BLG,sova,5.0,0.0,0.0,0.0,0.0,0.0,0.0,0.0,0.0,70.0,3.0,0.0,Guangzhou Huadu Bilibili Gaming (Bilibili Gaming)
542203,233421,whzy,BLG,neon,4.0,0.0,0.0,0.0,0.0,0.0,0.0,0.0,0.0,51.0,0.0,1.0,Guangzhou Huadu Bilibili Gaming (Bilibili Gaming)
542203,233421,nephh,BLG,breach,1.0,0.0,0.0,0.0,0.0,0.0,0.0,0.0,0.0,30.0,5.0,0.0,Guangzhou Huadu Bilibili Gaming (Bilibili Gaming)
542203,233421,Levius,BLG,cypher,3.0,4.0,1.0,0.0,0.0,0.0,0.0,0.0,0.0,68.0,0.0,0.0,Guangzhou Huadu Bilibili Gaming (Bilibili Gaming)
542203,233421,rushia,BLG,omen,2.0,0.0,0.0,0.0,0.0,0.0,0.0,0.0,0.0,48.0,0.0,1.0,Guangzhou Huadu Bilibili Gaming (Bilibili Gaming)
542203,233421,crazyguy,RRQ,breach,4.0,0.0,0.0,0.0,1.0,0.0,0.0,0.0,0.0,57.0,1.0,1.0,Rex Regum Qeon
542203,233421,Kushy,RRQ,fade,3.0,0.0,0.0,0.0,0.0,0.0,0.0,0.0,0.0,30.0,1.0,0.0,Rex Regum Qeon
542203,233421,xffero,RRQ,cypher,2.0,0.0,0.0,0.0,0.0,0.0,0.0,0.0,0.0,37.0,0.0,0.0,Rex Regum Qeon
542203,233421,Monyet,RRQ,omen,4.0,0.0,0.0,0.0,0.0,0.0,0.0,0.0,0.0,41.0,1.0,0.0,Rex Regum Qeon
542203,233421,Jemkin,RRQ,waylay,3.0,0.0,0.0,0.0,0.0,0.0,0.0,0.0,0.0,57.0,0.0,1.0,Rex Regum Qeon
542203,233422,Knight,BLG,fade,2.0,0.0,1.0,0.0,1.0,1.0,0.0,0.0,0.0,49.0,7.0,1.0,Guangzhou Huadu Bilibili Gaming (Bilibili Gaming)
542203,233422,whzy,BLG,raze,0.0,1.0,0.0,0.0,0.0,0.0,0.0,0.0,0.0,43.0,0.0,0.0,Guangzhou Huadu Bilibili Gaming (Bilibili Gaming)
542203,233422,nephh,BLG,omen,1.0,1.0,1.0,1.0,1.0,0.0,0.0,0.0,0.0,53.0,1.0,0.0,Guangzhou Huadu Bilibili Gaming (Bilibili Gaming)
542203,233422,Levius,BLG,vyse,4.0,0.0,0.0,0.0,0.0,0.0,0.0,0.0,0.0,48.0,0.0,0.0,Guangzhou Huadu Bilibili Gaming (Bilibili Gaming)
542203,233422,rushia,BLG,viper,0.0,1.0,0.0,0.0,0.0,0.0,0.0,0.0,0.0,38.0,1.0,0.0,Guangzhou Huadu Bilibili Gaming (Bilibili Gaming)
542203,233422,crazyguy,RRQ,omen,3.0,1.0,0.0,0.0,0.0,0.0,0.0,0.0,0.0,61.0,0.0,1.0,Rex Regum Qeon
542203,233422,Kushy,RRQ,fade,2.0,1.0,0.0,0.0,1.0,0.0,0.0,0.0,0.0,50.0,5.0,1.0,Rex Regum Qeon
542203,233422,xffero,RRQ,viper,3.0,1.0,0.0,0.0,0.0,0.0,0.0,0.0,0.0,46.0,0.0,0.0,Rex Regum Qeon
542203,233422,Monyet,RRQ,raze,3.0,0.0,0.0,1.0,0.0,1.0,0.0,0.0,0.0,68.0,2.0,1.0,Rex Regum Qeon
542203,233422,Jemkin,RRQ,yoru,1.0,2.0,0.0,0.0,0.0,0.0,0.0,0.0,0.0,45.0,0.0,1.0,Rex Regum Qeon
542203,233423,Knight,BLG,sova,3.0,0.0,0.0,0.0,0.0,0.0,0.0,0.0,0.0,38.0,2.0,0.0,Guangzhou Huadu Bilibili Gaming (Bilibili Gaming)
542203,233423,whzy,BLG,yoru,0.0,0.0,0.0,0.0,0.0,0.0,0.0,0.0,0.0,28.0,0.0,0.0,Guangzhou Huadu Bilibili Gaming (Bilibili Gaming)
542203,233423,nephh,BLG,omen,2.0,1.0,0.0,0.0,0.0,0.0,0.0,0.0,0.0,52.0,0.0,0.0,Guangzhou Huadu Bilibili Gaming (Bilibili Gaming)
542203,233423,Levius,BLG,vyse,2.0,0.0,0.0,0.0,0.0,0.0,0.0,0.0,0.0,50.0,0.0,1.0,Guangzhou Huadu Bilibili Gaming (Bilibili Gaming)
542203,233423,rushia,BLG,harbor,2.0,0.0,0.0,0.0,0.0,0.0,0.0,0.0,0.0,48.0,1.0,0.0,Guangzhou Huadu Bilibili Gaming (Bilibili Gaming)
542203,233423,crazyguy,RRQ,sova,2.0,0.0,0.0,0.0,0.0,0.0,0.0,0.0,0.0,41.0,1.0,1.0,Rex Regum Qeon
542203,233423,Kushy,RRQ,kayo,2.0,0.0,0.0,0.0,0.0,0.0,0.0,0.0,0.0,43.0,4.0,1.0,Rex Regum Qeon
542203,233423,xffero,RRQ,cypher,2.0,2.0,0.0,0.0,0.0,0.0,0.0,0.0,0.0,63.0,1.0,0.0,Rex Regum Qeon
542203,233423,Monyet,RRQ,omen,1.0,2.0,0.0,0.0,0.0,0.0,0.0,0.0,0.0,61.0,2.0,0.0,Rex Regum Qeon
542203,233423,Jemkin,RRQ,jett,4.0,3.0,1.0,0.0,0.0,0.0,0.0,0.0,0.0,123.0,0.0,1.0,Rex Regum Qeon
542204,233424,cortezia,MIBR,viper,2.0,2.0,0.0,0.0,0.0,0.0,0.0,0.0,0.0,57.0,2.0,0.0,MIBR
542204,233424,artzin,MIBR,kayo,3.0,2.0,0.0,1.0,1.0,0.0,0.0,0.0,0.0,93.0,2.0,2.0,MIBR
542204,233424,aspas,MIBR,waylay,5.0,1.0,0.0,0.0,1.0,0.0,0.0,0.0,0.0,50.0,2.0,0.0,MIBR
542204,233424,xenom,MIBR,omen,1.0,1.0,0.0,0.0,0.0,0.0,0.0,0.0,0.0,41.0,1.0,0.0,MIBR
542204,233424,Verno,MIBR,sova,1.0,1.0,0.0,0.0,0.0,0.0,0.0,0.0,0.0,42.0,5.0,0.0,MIBR
542204,233424,crazyguy,RRQ,omen,0.0,0.0,0.0,0.0,0.0,0.0,0.0,0.0,0.0,33.0,0.0,0.0,Rex Regum Qeon
542204,233424,Kushy,RRQ,fade,3.0,0.0,0.0,0.0,0.0,0.0,0.0,0.0,0.0,47.0,3.0,1.0,Rex Regum Qeon
542204,233424,xffero,RRQ,viper,0.0,0.0,0.0,0.0,0.0,0.0,0.0,0.0,0.0,39.0,1.0,1.0,Rex Regum Qeon
542204,233424,Monyet,RRQ,neon,2.0,1.0,0.0,0.0,1.0,0.0,0.0,0.0,0.0,64.0,0.0,1.0,Rex Regum Qeon
542204,233424,Jemkin,RRQ,waylay,1.0,0.0,0.0,0.0,0.0,0.0,0.0,0.0,0.0,28.0,0.0,0.0,Rex Regum Qeon
542204,233425,cortezia,MIBR,cypher,4.0,0.0,0.0,0.0,0.0,0.0,0.0,0.0,0.0,49.0,0.0,0.0,MIBR
542204,233425,artzin,MIBR,kayo,1.0,0.0,0.0,0.0,0.0,0.0,0.0,0.0,0.0,39.0,1.0,0.0,MIBR
542204,233425,aspas,MIBR,jett,2.0,0.0,2.0,0.0,0.0,0.0,0.0,0.0,0.0,78.0,0.0,2.0,MIBR
542204,233425,xenom,MIBR,astra,3.0,1.0,0.0,0.0,1.0,1.0,0.0,0.0,0.0,50.0,1.0,2.0,MIBR
542204,233425,Verno,MIBR,sova,1.0,1.0,0.0,0.0,0.0,0.0,0.0,0.0,0.0,53.0,4.0,2.0,MIBR
542204,233425,crazyguy,RRQ,sova,1.0,0.0,0.0,0.0,0.0,0.0,0.0,0.0,0.0,42.0,1.0,1.0,Rex Regum Qeon
542204,233425,Kushy,RRQ,kayo,1.0,0.0,0.0,0.0,0.0,0.0,0.0,0.0,0.0,17.0,5.0,0.0,Rex Regum Qeon
542204,233425,xffero,RRQ,cypher,2.0,1.0,0.0,0.0,0.0,0.0,0.0,0.0,0.0,63.0,0.0,0.0,Rex Regum Qeon
542204,233425,Monyet,RRQ,omen,1.0,0.0,0.0,0.0,0.0,0.0,0.0,0.0,0.0,40.0,4.0,0.0,Rex Regum Qeon
542204,233425,Jemkin,RRQ,jett,1.0,1.0,2.0,0.0,0.0,0.0,1.0,0.0,0.0,73.0,0.0,0.0,Rex Regum Qeon
542205,233427,paTiTek,TL,kayo,1.0,1.0,0.0,0.0,0.0,0.0,0.0,0.0,0.0,50.0,0.0,1.0,Team Liquid
542205,233427,nAts,TL,cypher,0.0,0.0,0.0,0.0,0.0,0.0,0.0,0.0,0.0,18.0,1.0,0.0,Team Liquid
542205,233427,trexx,TL,sova,2.0,2.0,0.0,0.0,0.0,0.0,0.0,0.0,0.0,47.0,4.0,1.0,Team Liquid
542205,233427,keiko,TL,omen,4.0,1.0,0.0,0.0,1.0,0.0,0.0,0.0,0.0,54.0,0.0,1.0,Team Liquid
542205,233427,kamo,TL,jett,2.0,2.0,0.0,0.0,0.0,0.0,0.0,0.0,0.0,71.0,0.0,1.0,Team Liquid
542205,233427,free1ng,KRX,cypher,2.0,0.0,0.0,0.0,0.0,0.0,0.0,0.0,0.0,44.0,0.0,0.0,KIWOOM DRX
542205,233427,MaKo,KRX,omen,5.0,1.0,0.0,0.0,0.0,1.0,0.0,0.0,0.0,74.0,3.0,1.0,KIWOOM DRX
542205,233427,BeYN,KRX,sova,1.0,0.0,0.0,0.0,1.0,0.0,0.0,0.0,0.0,41.0,4.0,0.0,KIWOOM DRX
542205,233427,HYUNMIN,KRX,waylay,3.0,0.0,0.0,0.0,0.0,0.0,0.0,0.0,0.0,39.0,2.0,2.0,KIWOOM DRX
542205,233427,Flashback,KRX,yoru,5.0,2.0,0.0,0.0,0.0,0.0,0.0,0.0,0.0,55.0,1.0,0.0,KIWOOM DRX
542205,233428,paTiTek,TL,skye,3.0,0.0,0.0,0.0,1.0,0.0,0.0,0.0,0.0,38.0,0.0,1.0,Team Liquid
542205,233428,nAts,TL,viper,1.0,2.0,0.0,0.0,0.0,0.0,0.0,0.0,0.0,59.0,0.0,1.0,Team Liquid
542205,233428,trexx,TL,gekko,0.0,1.0,0.0,0.0,0.0,0.0,0.0,0.0,0.0,31.0,4.0,0.0,Team Liquid
542205,233428,keiko,TL,brimstone,2.0,0.0,1.0,0.0,0.0,1.0,0.0,0.0,0.0,48.0,1.0,1.0,Team Liquid
542205,233428,kamo,TL,raze,2.0,2.0,0.0,0.0,0.0,0.0,0.0,0.0,0.0,42.0,1.0,0.0,Team Liquid
542205,233428,free1ng,KRX,viper,1.0,1.0,0.0,0.0,0.0,0.0,0.0,0.0,0.0,44.0,0.0,0.0,KIWOOM DRX
542205,233428,MaKo,KRX,brimstone,2.0,2.0,0.0,0.0,0.0,1.0,0.0,0.0,0.0,61.0,5.0,2.0,KIWOOM DRX
542205,233428,BeYN,KRX,fade,2.0,1.0,1.0,0.0,0.0,0.0,0.0,0.0,0.0,59.0,4.0,0.0,KIWOOM DRX
542205,233428,HYUNMIN,KRX,waylay,2.0,1.0,0.0,0.0,0.0,0.0,0.0,0.0,0.0,48.0,0.0,0.0,KIWOOM DRX
542205,233428,Flashback,KRX,yoru,1.0,2.0,0.0,0.0,0.0,0.0,0.0,0.0,0.0,47.0,0.0,0.0,KIWOOM DRX
542207,233430,brawk,NRG,sova,5.0,1.0,0.0,0.0,0.0,0.0,0.0,0.0,0.0,50.0,3.0,1.0,NRG
542207,233430,s0m,NRG,harbor,3.0,0.0,1.0,0.0,0.0,0.0,0.0,0.0,0.0,35.0,10.0,0.0,NRG
542207,233430,mada,NRG,yoru,5.0,4.0,0.0,0.0,0.0,1.0,0.0,0.0,0.0,52.0,0.0,0.0,NRG
542207,233430,skuba,NRG,vyse,2.0,2.0,1.0,0.0,1.0,0.0,0.0,0.0,0.0,45.0,1.0,0.0,NRG
542207,233430,Ethan,NRG,omen,4.0,1.0,0.0,0.0,0.0,0.0,0.0,0.0,0.0,49.0,2.0,0.0,NRG
542207,233430,nobody,EDG,sova,3.0,1.0,0.0,0.0,0.0,0.0,0.0,0.0,0.0,43.0,5.0,1.0,EDward Gaming
542207,233430,ZmjjKK,EDG,yoru,4.0,2.0,0.0,0.0,0.0,0.0,0.0,0.0,0.0,44.0,1.0,0.0,EDward Gaming
542207,233430,Smoggy,EDG,omen,4.0,3.0,0.0,0.0,0.0,1.0,1.0,0.0,0.0,44.0,1.0,1.0,EDward Gaming
542207,233430,CHICHOO,EDG,sage,5.0,0.0,0.0,0.0,0.0,0.0,0.0,0.0,0.0,41.0,5.0,0.0,EDward Gaming
542207,233430,Jieni7,EDG,neon,4.0,3.0,0.0,0.0,0.0,0.0,0.0,0.0,0.0,36.0,1.0,1.0,EDward Gaming
542207,233431,brawk,NRG,sova,1.0,1.0,0.0,0.0,0.0,0.0,0.0,0.0,0.0,47.0,5.0,0.0,NRG
542207,233431,s0m,NRG,omen,7.0,0.0,0.0,0.0,1.0,0.0,0.0,0.0,0.0,60.0,0.0,1.0,NRG
542207,233431,mada,NRG,waylay,2.0,0.0,1.0,0.0,0.0,0.0,0.0,0.0,0.0,35.0,2.0,0.0,NRG
542207,233431,skuba,NRG,viper,3.0,1.0,1.0,0.0,1.0,1.0,0.0,0.0,0.0,68.0,0.0,1.0,NRG
542207,233431,Ethan,NRG,kayo,2.0,1.0,1.0,0.0,1.0,0.0,0.0,0.0,0.0,60.0,2.0,1.0,NRG
542207,233431,nobody,EDG,fade,3.0,0.0,0.0,0.0,1.0,0.0,0.0,0.0,0.0,49.0,4.0,2.0,EDward Gaming
542207,233431,ZmjjKK,EDG,yoru,6.0,2.0,0.0,0.0,0.0,0.0,0.0,0.0,0.0,66.0,1.0,0.0,EDward Gaming
542207,233431,Smoggy,EDG,omen,6.0,2.0,0.0,0.0,0.0,0.0,0.0,0.0,0.0,54.0,3.0,0.0,EDward Gaming
542207,233431,CHICHOO,EDG,viper,2.0,0.0,0.0,0.0,0.0,0.0,0.0,0.0,0.0,46.0,2.0,0.0,EDward Gaming
542207,233431,Jieni7,EDG,neon,1.0,0.0,0.0,0.0,0.0,0.0,0.0,0.0,0.0,31.0,0.0,0.0,EDward Gaming
542208,233433,free1ng,KRX,cypher,4.0,0.0,0.0,0.0,1.0,0.0,0.0,0.0,0.0,47.0,1.0,0.0,KIWOOM DRX
542208,233433,MaKo,KRX,omen,2.0,0.0,0.0,0.0,0.0,0.0,0.0,0.0,0.0,31.0,3.0,0.0,KIWOOM DRX
542208,233433,BeYN,KRX,sova,2.0,1.0,0.0,0.0,1.0,0.0,0.0,0.0,0.0,42.0,6.0,0.0,KIWOOM DRX
542208,233433,HYUNMIN,KRX,waylay,4.0,1.0,0.0,0.0,0.0,0.0,0.0,0.0,0.0,54.0,0.0,1.0,KIWOOM DRX
542208,233433,Flashback,KRX,neon,6.0,0.0,0.0,0.0,0.0,1.0,0.0,0.0,0.0,64.0,0.0,0.0,KIWOOM DRX
542208,233433,brawk,NRG,sova,0.0,0.0,0.0,0.0,0.0,0.0,0.0,0.0,0.0,48.0,0.0,1.0,NRG
542208,233433,s0m,NRG,viper,1.0,1.0,0.0,0.0,0.0,0.0,0.0,0.0,0.0,34.0,0.0,0.0,NRG
542208,233433,mada,NRG,neon,1.0,2.0,1.0,0.0,0.0,0.0,0.0,0.0,0.0,64.0,0.0,0.0,NRG
542208,233433,skuba,NRG,killjoy,3.0,2.0,0.0,0.0,0.0,0.0,0.0,0.0,0.0,52.0,0.0,1.0,NRG
542208,233433,Ethan,NRG,omen,1.0,0.0,0.0,0.0,0.0,0.0,0.0,0.0,0.0,33.0,1.0,0.0,NRG
542208,233434,free1ng,KRX,viper,2.0,0.0,0.0,0.0,1.0,0.0,0.0,0.0,0.0,54.0,0.0,1.0,KIWOOM DRX
542208,233434,MaKo,KRX,omen,0.0,1.0,0.0,0.0,0.0,0.0,0.0,0.0,0.0,37.0,2.0,0.0,KIWOOM DRX
542208,233434,BeYN,KRX,fade,3.0,1.0,0.0,0.0,0.0,0.0,0.0,0.0,0.0,51.0,4.0,0.0,KIWOOM DRX
542208,233434,HYUNMIN,KRX,waylay,4.0,0.0,0.0,0.0,0.0,0.0,0.0,0.0,0.0,46.0,2.0,0.0,KIWOOM DRX
542208,233434,Flashback,KRX,yoru,8.0,2.0,0.0,0.0,0.0,0.0,0.0,0.0,0.0,62.0,0.0,0.0,KIWOOM DRX
542208,233434,brawk,NRG,sova,2.0,0.0,0.0,0.0,0.0,0.0,0.0,0.0,0.0,53.0,2.0,1.0,NRG
542208,233434,s0m,NRG,omen,2.0,3.0,0.0,0.0,0.0,0.0,0.0,0.0,0.0,49.0,2.0,0.0,NRG
542208,233434,mada,NRG,waylay,4.0,1.0,0.0,1.0,0.0,0.0,0.0,0.0,0.0,55.0,1.0,0.0,NRG
542208,233434,skuba,NRG,viper,6.0,0.0,0.0,0.0,0.0,0.0,0.0,0.0,0.0,54.0,1.0,0.0,NRG
542208,233434,Ethan,NRG,kayo,1.0,0.0,1.0,0.0,0.0,0.0,0.0,0.0,0.0,28.0,3.0,0.0,NRG
542208,233435,free1ng,KRX,vyse,1.0,0.0,0.0,0.0,0.0,0.0,0.0,0.0,0.0,32.0,1.0,1.0,KIWOOM DRX
542208,233435,MaKo,KRX,omen,1.0,0.0,0.0,0.0,2.0,0.0,0.0,0.0,0.0,30.0,1.0,1.0,KIWOOM DRX
542208,233435,BeYN,KRX,fade,2.0,1.0,2.0,0.0,0.0,1.0,0.0,1.0,0.0,69.0,6.0,0.0,KIWOOM DRX
542208,233435,HYUNMIN,KRX,waylay,3.0,1.0,0.0,0.0,0.0,0.0,0.0,0.0,0.0,49.0,3.0,0.0,KIWOOM DRX
542208,233435,Flashback,KRX,yoru,5.0,2.0,0.0,0.0,0.0,0.0,0.0,0.0,0.0,65.0,1.0,0.0,KIWOOM DRX
542208,233435,brawk,NRG,vyse,6.0,3.0,0.0,0.0,0.0,0.0,0.0,0.0,0.0,80.0,0.0,2.0,NRG
542208,233435,s0m,NRG,omen,3.0,0.0,0.0,0.0,0.0,0.0,0.0,0.0,0.0,41.0,0.0,0.0,NRG
542208,233435,mada,NRG,raze,4.0,1.0,0.0,0.0,0.0,0.0,0.0,0.0,0.0,50.0,0.0,0.0,NRG
542208,233435,skuba,NRG,viper,1.0,0.0,0.0,0.0,0.0,0.0,0.0,0.0,0.0,32.0,2.0,0.0,NRG
542208,233435,Ethan,NRG,fade,2.0,0.0,0.0,0.0,0.0,0.0,0.0,0.0,0.0,42.0,7.0,2.0,NRG
542209,233436,paTiTek,TL,omen,0.0,1.0,0.0,0.0,0.0,0.0,0.0,0.0,0.0,52.0,0.0,0.0,Team Liquid
542209,233436,nAts,TL,cypher,0.0,0.0,0.0,0.0,0.0,0.0,0.0,0.0,0.0,39.0,0.0,0.0,Team Liquid
542209,233436,trexx,TL,fade,3.0,0.0,0.0,0.0,1.0,0.0,0.0,0.0,0.0,55.0,3.0,1.0,Team Liquid
542209,233436,keiko,TL,raze,1.0,0.0,0.0,0.0,0.0,0.0,0.0,0.0,0.0,39.0,0.0,0.0,Team Liquid
542209,233436,kamo,TL,yoru,2.0,0.0,0.0,0.0,0.0,0.0,0.0,0.0,0.0,27.0,1.0,0.0,Team Liquid
542209,233436,nobody,EDG,sova,3.0,1.0,0.0,0.0,0.0,0.0,0.0,0.0,0.0,91.0,2.0,1.0,EDward Gaming
542209,233436,ZmjjKK,EDG,neon,4.0,1.0,2.0,0.0,0.0,0.0,0.0,0.0,0.0,71.0,0.0,1.0,EDward Gaming
542209,233436,Smoggy,EDG,omen,2.0,0.0,0.0,0.0,0.0,0.0,0.0,0.0,0.0,37.0,0.0,0.0,EDward Gaming
542209,233436,CHICHOO,EDG,cypher,1.0,0.0,0.0,0.0,0.0,0.0,0.0,0.0,0.0,50.0,0.0,1.0,EDward Gaming
542209,233436,Jieni7,EDG,breach,3.0,1.0,0.0,0.0,0.0,0.0,0.0,0.0,0.0,82.0,1.0,0.0,EDward Gaming
542209,233437,paTiTek,TL,kayo,2.0,2.0,0.0,0.0,0.0,0.0,0.0,0.0,0.0,50.0,6.0,0.0,Team Liquid
542209,233437,nAts,TL,cypher,5.0,3.0,1.0,0.0,1.0,0.0,1.0,0.0,0.0,106.0,1.0,0.0,Team Liquid
542209,233437,trexx,TL,sova,1.0,0.0,0.0,0.0,0.0,0.0,0.0,0.0,0.0,49.0,4.0,1.0,Team Liquid
542209,233437,keiko,TL,omen,1.0,1.0,0.0,0.0,0.0,0.0,0.0,0.0,0.0,45.0,0.0,0.0,Team Liquid
542209,233437,kamo,TL,jett,1.0,1.0,0.0,1.0,0.0,0.0,0.0,0.0,0.0,60.0,0.0,0.0,Team Liquid
542209,233437,nobody,EDG,sova,1.0,0.0,0.0,0.0,1.0,0.0,0.0,0.0,0.0,39.0,4.0,1.0,EDward Gaming
542209,233437,ZmjjKK,EDG,yoru,3.0,0.0,0.0,0.0,0.0,0.0,0.0,0.0,0.0,30.0,0.0,0.0,EDward Gaming
542209,233437,Smoggy,EDG,omen,3.0,0.0,0.0,0.0,1.0,1.0,0.0,0.0,0.0,45.0,0.0,1.0,EDward Gaming
542209,233437,CHICHOO,EDG,astra,3.0,0.0,0.0,0.0,0.0,1.0,0.0,0.0,0.0,33.0,0.0,0.0,EDward Gaming
542209,233437,Jieni7,EDG,waylay,1.0,1.0,0.0,0.0,0.0,0.0,0.0,0.0,0.0,48.0,0.0,1.0,EDward Gaming
542209,233438,paTiTek,TL,fade,4.0,0.0,1.0,0.0,0.0,0.0,0.0,0.0,0.0,43.0,4.0,0.0,Team Liquid
542209,233438,nAts,TL,viper,4.0,2.0,1.0,0.0,1.0,1.0,0.0,0.0,0.0,55.0,1.0,0.0,Team Liquid
542209,233438,trexx,TL,brimstone,0.0,2.0,0.0,0.0,0.0,0.0,0.0,0.0,0.0,38.0,2.0,0.0,Team Liquid
542209,233438,keiko,TL,raze,2.0,0.0,0.0,0.0,0.0,0.0,0.0,0.0,0.0,36.0,1.0,2.0,Team Liquid
542209,233438,kamo,TL,yoru,5.0,1.0,1.0,0.0,2.0,0.0,0.0,0.0,0.0,54.0,2.0,0.0,Team Liquid
542209,233438,nobody,EDG,fade,3.0,1.0,0.0,0.0,1.0,0.0,0.0,0.0,0.0,35.0,4.0,0.0,EDward Gaming
542209,233438,ZmjjKK,EDG,yoru,5.0,2.0,0.0,0.0,0.0,0.0,0.0,0.0,0.0,41.0,0.0,0.0,EDward Gaming
542209,233438,Smoggy,EDG,brimstone,5.0,2.0,0.0,0.0,0.0,0.0,0.0,0.0,0.0,52.0,1.0,1.0,EDward Gaming
542209,233438,CHICHOO,EDG,viper,5.0,1.0,0.0,0.0,1.0,0.0,0.0,0.0,0.0,43.0,1.0,1.0,EDward Gaming
542209,233438,Jieni7,EDG,tejo,2.0,2.0,0.0,0.0,0.0,0.0,0.0,0.0,0.0,37.0,2.0,1.0,EDward Gaming
542210,233439,free1ng,KRX,vyse,1.0,0.0,0.0,0.0,0.0,1.0,0.0,0.0,0.0,41.0,0.0,1.0,KIWOOM DRX
542210,233439,MaKo,KRX,omen,5.0,1.0,0.0,0.0,0.0,0.0,0.0,0.0,0.0,81.0,1.0,1.0,KIWOOM DRX
542210,233439,BeYN,KRX,fade,1.0,0.0,0.0,0.0,1.0,0.0,0.0,0.0,0.0,45.0,7.0,2.0,KIWOOM DRX
542210,233439,HYUNMIN,KRX,waylay,1.0,1.0,0.0,0.0,1.0,0.0,0.0,0.0,0.0,42.0,0.0,0.0,KIWOOM DRX
542210,233439,Flashback,KRX,yoru,2.0,3.0,0.0,0.0,0.0,0.0,0.0,0.0,0.0,65.0,0.0,0.0,KIWOOM DRX
542210,233439,paTiTek,TL,fade,5.0,0.0,0.0,0.0,0.0,0.0,0.0,0.0,0.0,47.0,6.0,0.0,Team Liquid
542210,233439,nAts,TL,waylay,1.0,2.0,0.0,0.0,0.0,0.0,0.0,0.0,0.0,45.0,0.0,0.0,Team Liquid
542210,233439,trexx,TL,vyse,2.0,1.0,0.0,0.0,0.0,0.0,0.0,0.0,0.0,50.0,2.0,0.0,Team Liquid
542210,233439,keiko,TL,omen,4.0,1.0,0.0,0.0,0.0,0.0,0.0,0.0,0.0,61.0,1.0,0.0,Team Liquid
542210,233439,kamo,TL,neon,3.0,0.0,0.0,0.0,0.0,0.0,0.0,0.0,0.0,49.0,1.0,1.0,Team Liquid
542210,233440,free1ng,KRX,cypher,0.0,1.0,0.0,0.0,0.0,0.0,0.0,0.0,0.0,45.0,0.0,0.0,KIWOOM DRX
542210,233440,MaKo,KRX,omen,2.0,1.0,0.0,0.0,0.0,0.0,0.0,0.0,0.0,45.0,2.0,0.0,KIWOOM DRX
542210,233440,BeYN,KRX,sova,3.0,0.0,0.0,0.0,0.0,1.0,0.0,0.0,0.0,35.0,2.0,4.0,KIWOOM DRX
542210,233440,HYUNMIN,KRX,waylay,5.0,2.0,1.0,0.0,0.0,0.0,0.0,0.0,0.0,83.0,0.0,0.0,KIWOOM DRX
542210,233440,Flashback,KRX,yoru,1.0,1.0,2.0,0.0,0.0,0.0,1.0,0.0,0.0,59.0,0.0,0.0,KIWOOM DRX
542210,233440,paTiTek,TL,kayo,0.0,0.0,0.0,0.0,0.0,0.0,0.0,0.0,0.0,21.0,3.0,0.0,Team Liquid
542210,233440,nAts,TL,cypher,4.0,0.0,0.0,0.0,0.0,0.0,0.0,0.0,0.0,40.0,1.0,0.0,Team Liquid
542210,233440,trexx,TL,sova,1.0,1.0,0.0,0.0,0.0,0.0,0.0,0.0,0.0,48.0,1.0,0.0,Team Liquid
542210,233440,keiko,TL,omen,3.0,1.0,0.0,0.0,0.0,0.0,0.0,0.0,0.0,64.0,2.0,0.0,Team Liquid
542210,233440,kamo,TL,jett,4.0,2.0,0.0,0.0,0.0,0.0,0.0,0.0,0.0,62.0,3.0,0.0,Team Liquid
542211,233442,valyn,G2,omen,4.0,1.0,0.0,0.0,0.0,0.0,0.0,0.0,0.0,54.0,1.0,0.0,G2 Esports
542211,233442,jawgemo,G2,raze,1.0,0.0,0.0,0.0,0.0,0.0,0.0,0.0,0.0,41.0,0.0,2.0,G2 Esports
542211,233442,JonahP,G2,sage,4.0,0.0,0.0,0.0,0.0,0.0,0.0,0.0,0.0,29.0,0.0,0.0,G2 Esports
542211,233442,leaf,G2,cypher,2.0,2.0,0.0,0.0,0.0,0.0,0.0,0.0,0.0,54.0,0.0,1.0,G2 Esports
542211,233442,trent,G2,fade,0.0,2.0,0.0,0.0,0.0,0.0,0.0,0.0,0.0,41.0,2.0,0.0,G2 Esports
542211,233442,Boo,TH,astra,0.0,0.0,0.0,0.0,0.0,0.0,0.0,0.0,0.0,37.0,2.0,0.0,Team Heretics
542211,233442,RieNs,TH,fade,4.0,1.0,0.0,1.0,0.0,0.0,0.0,0.0,0.0,64.0,1.0,0.0,Team Heretics
542211,233442,MiniBoo,TH,yoru,3.0,2.0,1.0,0.0,0.0,0.0,0.0,0.0,0.0,57.0,1.0,0.0,Team Heretics
542211,233442,Wo0t,TH,viper,0.0,0.0,0.0,0.0,0.0,0.0,0.0,0.0,0.0,27.0,0.0,0.0,Team Heretics
542211,233442,benjyfishy,TH,vyse,4.0,0.0,2.0,0.0,1.0,0.0,0.0,0.0,0.0,82.0,3.0,1.0,Team Heretics
542211,233443,valyn,G2,omen,5.0,0.0,1.0,0.0,0.0,0.0,0.0,0.0,0.0,68.0,2.0,0.0,G2 Esports
542211,233443,jawgemo,G2,yoru,4.0,1.0,0.0,0.0,1.0,0.0,0.0,0.0,0.0,34.0,1.0,1.0,G2 Esports
542211,233443,JonahP,G2,fade,2.0,0.0,0.0,0.0,0.0,0.0,0.0,0.0,0.0,32.0,0.0,2.0,G2 Esports
542211,233443,leaf,G2,viper,4.0,1.0,0.0,0.0,0.0,0.0,1.0,0.0,0.0,61.0,0.0,0.0,G2 Esports
542211,233443,trent,G2,tejo,4.0,0.0,0.0,0.0,0.0,0.0,0.0,0.0,0.0,41.0,5.0,1.0,G2 Esports
542211,233443,Boo,TH,omen,2.0,1.0,0.0,0.0,1.0,0.0,0.0,0.0,0.0,47.0,0.0,1.0,Team Heretics
542211,233443,RieNs,TH,fade,5.0,1.0,0.0,0.0,0.0,1.0,0.0,0.0,0.0,57.0,6.0,1.0,Team Heretics
542211,233443,MiniBoo,TH,raze,5.0,0.0,0.0,0.0,0.0,0.0,0.0,0.0,0.0,60.0,1.0,1.0,Team Heretics
542211,233443,Wo0t,TH,chamber,5.0,2.0,0.0,0.0,0.0,0.0,0.0,0.0,0.0,72.0,0.0,2.0,Team Heretics
542211,233443,benjyfishy,TH,deadlock,3.0,0.0,0.0,0.0,1.0,0.0,0.0,0.0,0.0,50.0,2.0,0.0,Team Heretics
542212,233445,Flex1n,DRG,omen,2.0,0.0,0.0,0.0,0.0,0.0,0.0,0.0,0.0,26.0,2.0,0.0,Dragon Ranger Gaming
542212,233445,Nicc,DRG,breach,5.0,2.0,0.0,0.0,0.0,0.0,0.0,0.0,0.0,51.0,6.0,1.0,Dragon Ranger Gaming
542212,233445,Demon1,DRG,vyse,6.0,0.0,0.0,0.0,1.0,0.0,0.0,0.0,0.0,49.0,3.0,2.0,Dragon Ranger Gaming
542212,233445,SpiritZ1,DRG,yoru,6.0,1.0,0.0,0.0,0.0,0.0,0.0,0.0,0.0,65.0,0.0,0.0,Dragon Ranger Gaming
542212,233445,Akeman,DRG,waylay,4.0,1.0,0.0,0.0,0.0,0.0,0.0,0.0,0.0,33.0,0.0,0.0,Dragon Ranger Gaming
542212,233445,stax,T1,fade,2.0,1.0,0.0,0.0,0.0,0.0,0.0,0.0,0.0,40.0,7.0,0.0,T1
542212,233445,BuZz,T1,neon,6.0,0.0,0.0,0.0,1.0,0.0,0.0,0.0,0.0,50.0,1.0,1.0,T1
542212,233445,Meteor,T1,vyse,4.0,0.0,0.0,0.0,2.0,0.0,0.0,0.0,0.0,40.0,1.0,0.0,T1
542212,233445,iZu,T1,yoru,6.0,0.0,0.0,0.0,0.0,0.0,0.0,0.0,0.0,41.0,1.0,1.0,T1
542212,233445,DH,T1,omen,5.0,2.0,1.0,0.0,1.0,2.0,0.0,0.0,0.0,59.0,2.0,1.0,T1
542212,233446,Flex1n,DRG,omen,3.0,1.0,0.0,0.0,0.0,0.0,0.0,0.0,0.0,47.0,4.0,0.0,Dragon Ranger Gaming
542212,233446,Nicc,DRG,fade,4.0,1.0,0.0,0.0,0.0,0.0,0.0,0.0,0.0,46.0,4.0,2.0,Dragon Ranger Gaming
542212,233446,Demon1,DRG,cypher,3.0,1.0,0.0,0.0,0.0,0.0,0.0,0.0,0.0,40.0,0.0,0.0,Dragon Ranger Gaming
542212,233446,SpiritZ1,DRG,yoru,2.0,2.0,1.0,0.0,0.0,0.0,0.0,0.0,0.0,48.0,0.0,2.0,Dragon Ranger Gaming
542212,233446,Akeman,DRG,neon,4.0,0.0,1.0,0.0,1.0,1.0,0.0,0.0,0.0,42.0,0.0,1.0,Dragon Ranger Gaming
542212,233446,stax,T1,sova,3.0,0.0,0.0,0.0,0.0,0.0,0.0,0.0,0.0,38.0,6.0,1.0,T1
542212,233446,BuZz,T1,neon,5.0,4.0,0.0,0.0,2.0,0.0,0.0,0.0,0.0,54.0,0.0,0.0,T1
542212,233446,Meteor,T1,cypher,3.0,3.0,1.0,0.0,0.0,0.0,0.0,0.0,0.0,54.0,2.0,0.0,T1
542212,233446,iZu,T1,yoru,4.0,0.0,0.0,0.0,2.0,0.0,0.0,0.0,0.0,30.0,2.0,1.0,T1
542212,233446,DH,T1,omen,3.0,1.0,0.0,0.0,1.0,0.0,0.0,0.0,0.0,33.0,1.0,0.0,T1
542213,233448,Boo,TH,omen,1.0,0.0,0.0,0.0,1.0,0.0,0.0,0.0,0.0,33.0,0.0,2.0,Team Heretics
542213,233448,RieNs,TH,fade,5.0,2.0,0.0,0.0,0.0,1.0,0.0,0.0,0.0,71.0,7.0,1.0,Team Heretics
542213,233448,MiniBoo,TH,raze,1.0,0.0,2.0,0.0,0.0,0.0,0.0,0.0,0.0,54.0,0.0,1.0,Team Heretics
542213,233448,Wo0t,TH,chamber,4.0,2.0,1.0,0.0,0.0,0.0,0.0,0.0,0.0,64.0,0.0,0.0,Team Heretics
542213,233448,benjyfishy,TH,deadlock,3.0,1.0,0.0,0.0,0.0,0.0,0.0,0.0,0.0,50.0,0.0,1.0,Team Heretics
542213,233448,stax,T1,fade,0.0,0.0,0.0,0.0,0.0,0.0,0.0,0.0,0.0,24.0,8.0,0.0,T1
542213,233448,BuZz,T1,neon,2.0,1.0,1.0,0.0,0.0,0.0,0.0,0.0,0.0,51.0,0.0,0.0,T1
542213,233448,Meteor,T1,vyse,0.0,1.0,0.0,0.0,0.0,0.0,0.0,0.0,0.0,35.0,0.0,0.0,T1
542213,233448,iZu,T1,yoru,2.0,2.0,0.0,0.0,0.0,1.0,0.0,0.0,0.0,58.0,0.0,1.0,T1
542213,233448,DH,T1,omen,2.0,1.0,1.0,0.0,0.0,0.0,0.0,0.0,0.0,56.0,1.0,1.0,T1
542213,233449,Boo,TH,omen,1.0,1.0,0.0,0.0,1.0,1.0,0.0,0.0,0.0,51.0,1.0,0.0,Team Heretics
542213,233449,RieNs,TH,sova,5.0,1.0,0.0,0.0,0.0,0.0,0.0,0.0,0.0,60.0,3.0,0.0,Team Heretics
542213,233449,MiniBoo,TH,yoru,2.0,2.0,0.0,0.0,0.0,1.0,0.0,0.0,0.0,47.0,1.0,1.0,Team Heretics
542213,233449,Wo0t,TH,raze,1.0,1.0,0.0,0.0,1.0,0.0,0.0,0.0,0.0,61.0,1.0,1.0,Team Heretics
542213,233449,benjyfishy,TH,cypher,3.0,1.0,0.0,0.0,0.0,0.0,0.0,0.0,0.0,28.0,1.0,0.0,Team Heretics
542213,233449,stax,T1,sova,1.0,0.0,0.0,0.0,1.0,0.0,0.0,0.0,0.0,39.0,5.0,0.0,T1
542213,233449,BuZz,T1,neon,1.0,1.0,1.0,0.0,0.0,0.0,0.0,0.0,0.0,37.0,0.0,0.0,T1
542213,233449,Meteor,T1,cypher,4.0,2.0,0.0,0.0,0.0,0.0,0.0,0.0,0.0,67.0,1.0,0.0,T1
542213,233449,iZu,T1,yoru,3.0,2.0,0.0,0.0,0.0,0.0,0.0,0.0,0.0,45.0,1.0,0.0,T1
542213,233449,DH,T1,omen,3.0,0.0,1.0,0.0,0.0,0.0,0.0,0.0,0.0,58.0,1.0,0.0,T1
542214,233451,valyn,G2,omen,3.0,0.0,0.0,0.0,1.0,0.0,0.0,0.0,0.0,47.0,4.0,2.0,G2 Esports
542214,233451,jawgemo,G2,yoru,3.0,1.0,0.0,0.0,0.0,0.0,0.0,0.0,0.0,61.0,0.0,0.0,G2 Esports
542214,233451,JonahP,G2,fade,3.0,1.0,0.0,0.0,0.0,1.0,0.0,0.0,0.0,52.0,3.0,1.0,G2 Esports
542214,233451,leaf,G2,viper,2.0,4.0,0.0,0.0,1.0,0.0,0.0,0.0,0.0,75.0,2.0,0.0,G2 Esports
542214,233451,trent,G2,tejo,1.0,0.0,0.0,0.0,0.0,0.0,0.0,0.0,0.0,35.0,3.0,0.0,G2 Esports
542214,233451,Flex1n,DRG,omen,3.0,0.0,0.0,0.0,0.0,0.0,0.0,0.0,0.0,50.0,1.0,1.0,Dragon Ranger Gaming
542214,233451,Nicc,DRG,breach,1.0,0.0,0.0,0.0,0.0,0.0,0.0,0.0,0.0,29.0,2.0,2.0,Dragon Ranger Gaming
542214,233451,Demon1,DRG,vyse,1.0,1.0,0.0,0.0,0.0,0.0,0.0,0.0,0.0,40.0,0.0,3.0,Dragon Ranger Gaming
542214,233451,SpiritZ1,DRG,yoru,4.0,0.0,0.0,0.0,0.0,0.0,0.0,0.0,0.0,40.0,1.0,0.0,Dragon Ranger Gaming
542214,233451,Akeman,DRG,waylay,1.0,2.0,1.0,0.0,0.0,0.0,0.0,0.0,0.0,61.0,0.0,0.0,Dragon Ranger Gaming
542214,233452,valyn,G2,astra,2.0,0.0,0.0,0.0,0.0,0.0,0.0,0.0,0.0,42.0,2.0,2.0,G2 Esports
542214,233452,jawgemo,G2,yoru,4.0,1.0,2.0,0.0,0.0,1.0,0.0,1.0,0.0,71.0,0.0,2.0,G2 Esports
542214,233452,JonahP,G2,sova,5.0,0.0,0.0,0.0,1.0,0.0,0.0,0.0,0.0,57.0,1.0,0.0,G2 Esports
542214,233452,leaf,G2,deadlock,1.0,0.0,0.0,0.0,0.0,0.0,0.0,0.0,0.0,40.0,2.0,0.0,G2 Esports
542214,233452,trent,G2,tejo,3.0,2.0,0.0,0.0,0.0,1.0,0.0,0.0,0.0,76.0,3.0,1.0,G2 Esports
542214,233452,Flex1n,DRG,omen,6.0,0.0,0.0,0.0,0.0,0.0,0.0,0.0,0.0,65.0,6.0,0.0,Dragon Ranger Gaming
542214,233452,Nicc,DRG,sova,1.0,0.0,0.0,0.0,0.0,0.0,0.0,0.0,0.0,46.0,4.0,0.0,Dragon Ranger Gaming
542214,233452,Demon1,DRG,cypher,2.0,1.0,0.0,0.0,1.0,0.0,0.0,0.0,0.0,72.0,0.0,0.0,Dragon Ranger Gaming
542214,233452,SpiritZ1,DRG,yoru,3.0,1.0,0.0,0.0,0.0,0.0,0.0,0.0,0.0,44.0,0.0,0.0,Dragon Ranger Gaming
542214,233452,Akeman,DRG,waylay,2.0,0.0,0.0,0.0,0.0,1.0,0.0,0.0,0.0,46.0,2.0,1.0,Dragon Ranger Gaming
542215,233454,stax,T1,fade,2.0,1.0,0.0,0.0,0.0,0.0,0.0,0.0,0.0,30.0,6.0,0.0,T1
542215,233454,BuZz,T1,neon,2.0,1.0,0.0,0.0,0.0,0.0,0.0,0.0,0.0,43.0,0.0,0.0,T1
542215,233454,Meteor,T1,vyse,3.0,1.0,0.0,0.0,0.0,0.0,0.0,0.0,0.0,56.0,0.0,0.0,T1
542215,233454,iZu,T1,yoru,4.0,2.0,0.0,0.0,0.0,0.0,1.0,0.0,0.0,67.0,1.0,0.0,T1
542215,233454,DH,T1,omen,1.0,0.0,0.0,0.0,0.0,0.0,0.0,0.0,0.0,30.0,1.0,1.0,T1
542215,233454,valyn,G2,omen,4.0,2.0,1.0,0.0,0.0,0.0,0.0,0.0,0.0,71.0,2.0,0.0,G2 Esports
542215,233454,jawgemo,G2,yoru,7.0,2.0,0.0,0.0,0.0,0.0,0.0,0.0,0.0,49.0,0.0,1.0,G2 Esports
542215,233454,JonahP,G2,fade,0.0,1.0,0.0,0.0,1.0,0.0,0.0,0.0,0.0,33.0,1.0,1.0,G2 Esports
542215,233454,leaf,G2,viper,4.0,0.0,1.0,0.0,1.0,1.0,0.0,0.0,0.0,70.0,1.0,0.0,G2 Esports
542215,233454,trent,G2,tejo,1.0,0.0,0.0,0.0,0.0,0.0,0.0,0.0,0.0,45.0,2.0,1.0,G2 Esports
542215,233455,stax,T1,fade,1.0,2.0,0.0,0.0,0.0,0.0,1.0,0.0,0.0,52.0,7.0,0.0,T1
542215,233455,BuZz,T1,neon,1.0,0.0,0.0,0.0,0.0,0.0,0.0,0.0,0.0,33.0,0.0,0.0,T1
542215,233455,Meteor,T1,vyse,3.0,0.0,0.0,0.0,1.0,0.0,0.0,0.0,0.0,53.0,1.0,0.0,T1
542215,233455,iZu,T1,waylay,2.0,1.0,0.0,0.0,0.0,0.0,0.0,0.0,0.0,35.0,0.0,0.0,T1
542215,233455,DH,T1,omen,2.0,0.0,0.0,0.0,0.0,0.0,0.0,0.0,0.0,48.0,0.0,0.0,T1
542215,233455,valyn,G2,omen,2.0,0.0,0.0,0.0,0.0,0.0,0.0,0.0,0.0,64.0,1.0,0.0,G2 Esports
542215,233455,jawgemo,G2,yoru,5.0,1.0,0.0,0.0,0.0,0.0,0.0,0.0,0.0,55.0,1.0,1.0,G2 Esports
542215,233455,JonahP,G2,fade,2.0,0.0,0.0,0.0,0.0,0.0,0.0,0.0,0.0,42.0,2.0,0.0,G2 Esports
542215,233455,leaf,G2,viper,3.0,3.0,0.0,0.0,0.0,0.0,0.0,0.0,0.0,63.0,0.0,1.0,G2 Esports
542215,233455,trent,G2,tejo,6.0,1.0,0.0,0.0,1.0,0.0,0.0,0.0,0.0,59.0,4.0,2.0,G2 Esports
542264,233457,crashies,FNC,sova,5.0,0.0,0.0,0.0,1.0,0.0,0.0,0.0,0.0,55.0,4.0,0.0,FNATIC
542264,233457,Boaster,FNC,omen,2.0,1.0,0.0,0.0,0.0,0.0,0.0,0.0,0.0,24.0,4.0,0.0,FNATIC
542264,233457,Chronicle,FNC,viper,1.0,0.0,0.0,0.0,0.0,0.0,0.0,0.0,0.0,40.0,2.0,0.0,FNATIC
542264,233457,kaajak,FNC,yoru,2.0,2.0,1.0,0.0,0.0,0.0,0.0,0.0,0.0,66.0,0.0,1.0,FNATIC
542264,233457,Alfajer,FNC,killjoy,2.0,2.0,2.0,0.0,0.0,0.0,1.0,0.0,0.0,82.0,2.0,0.0,FNATIC
542264,233457,free1ng,KRX,cypher,3.0,0.0,0.0,0.0,0.0,0.0,0.0,0.0,0.0,38.0,0.0,0.0,KIWOOM DRX
542264,233457,MaKo,KRX,omen,4.0,1.0,0.0,0.0,0.0,1.0,0.0,0.0,0.0,61.0,2.0,1.0,KIWOOM DRX
542264,233457,BeYN,KRX,sova,3.0,0.0,0.0,0.0,1.0,1.0,0.0,0.0,0.0,65.0,9.0,0.0,KIWOOM DRX
542264,233457,HYUNMIN,KRX,waylay,4.0,0.0,0.0,0.0,0.0,0.0,0.0,0.0,0.0,50.0,0.0,0.0,KIWOOM DRX
542264,233457,Flashback,KRX,neon,3.0,1.0,0.0,0.0,0.0,0.0,0.0,0.0,0.0,43.0,0.0,0.0,KIWOOM DRX
542264,233458,crashies,FNC,sova,2.0,0.0,0.0,0.0,0.0,0.0,0.0,0.0,0.0,32.0,4.0,0.0,FNATIC
542264,233458,Boaster,FNC,omen,1.0,1.0,0.0,0.0,0.0,0.0,0.0,0.0,0.0,33.0,2.0,0.0,FNATIC
542264,233458,Chronicle,FNC,vyse,1.0,2.0,1.0,0.0,0.0,0.0,0.0,0.0,0.0,69.0,0.0,0.0,FNATIC
542264,233458,kaajak,FNC,yoru,2.0,2.0,0.0,0.0,0.0,0.0,0.0,0.0,0.0,60.0,0.0,0.0,FNATIC
542264,233458,Alfajer,FNC,sage,3.0,2.0,0.0,0.0,0.0,0.0,0.0,0.0,0.0,52.0,1.0,0.0,FNATIC
542264,233458,free1ng,KRX,vyse,1.0,0.0,1.0,0.0,0.0,0.0,0.0,0.0,0.0,33.0,0.0,0.0,KIWOOM DRX
542264,233458,MaKo,KRX,omen,4.0,0.0,1.0,0.0,0.0,0.0,0.0,0.0,0.0,75.0,3.0,0.0,KIWOOM DRX
542264,233458,BeYN,KRX,sova,2.0,0.0,0.0,0.0,2.0,0.0,0.0,0.0,0.0,65.0,4.0,1.0,KIWOOM DRX
542264,233458,HYUNMIN,KRX,waylay,3.0,1.0,0.0,0.0,0.0,0.0,0.0,0.0,0.0,51.0,0.0,0.0,KIWOOM DRX
542264,233458,Flashback,KRX,yoru,3.0,1.0,0.0,0.0,0.0,0.0,0.0,0.0,0.0,77.0,0.0,0.0,KIWOOM DRX
542264,233459,crashies,FNC,fade,2.0,2.0,0.0,0.0,0.0,0.0,0.0,0.0,0.0,41.0,3.0,0.0,FNATIC
542264,233459,Boaster,FNC,omen,1.0,1.0,0.0,0.0,0.0,0.0,0.0,0.0,0.0,39.0,3.0,0.0,FNATIC
542264,233459,Chronicle,FNC,viper,2.0,0.0,0.0,0.0,0.0,0.0,0.0,0.0,0.0,44.0,2.0,0.0,FNATIC
542264,233459,kaajak,FNC,raze,3.0,0.0,1.0,0.0,1.0,0.0,0.0,0.0,0.0,49.0,1.0,3.0,FNATIC
542264,233459,Alfajer,FNC,killjoy,5.0,2.0,0.0,0.0,0.0,0.0,0.0,0.0,0.0,89.0,0.0,0.0,FNATIC
542264,233459,free1ng,KRX,vyse,1.0,0.0,0.0,0.0,0.0,1.0,0.0,0.0,0.0,46.0,1.0,1.0,KIWOOM DRX
542264,233459,MaKo,KRX,omen,0.0,0.0,0.0,0.0,0.0,0.0,0.0,0.0,0.0,36.0,2.0,0.0,KIWOOM DRX
542264,233459,BeYN,KRX,fade,2.0,0.0,0.0,0.0,1.0,0.0,0.0,0.0,0.0,39.0,1.0,0.0,KIWOOM DRX
542264,233459,HYUNMIN,KRX,waylay,4.0,0.0,0.0,0.0,0.0,0.0,0.0,0.0,0.0,42.0,0.0,0.0,KIWOOM DRX
542264,233459,Flashback,KRX,yoru,4.0,1.0,0.0,0.0,0.0,0.0,0.0,0.0,0.0,51.0,0.0,0.0,KIWOOM DRX
542265,233460,Jinggg,PRX,raze,2.0,2.0,0.0,0.0,0.0,0.0,0.0,0.0,0.0,59.0,0.0,0.0,Paper Rex
542265,233460,f0rsakeN,PRX,omen,2.0,0.0,1.0,0.0,0.0,0.0,0.0,0.0,0.0,42.0,1.0,0.0,Paper Rex
542265,233460,d4v41,PRX,vyse,2.0,1.0,0.0,0.0,1.0,0.0,0.0,0.0,0.0,65.0,1.0,1.0,Paper Rex
542265,233460,PatMen,PRX,fade,4.0,1.0,0.0,0.0,0.0,0.0,0.0,0.0,0.0,42.0,7.0,1.0,Paper Rex
542265,233460,something,PRX,yoru,3.0,2.0,0.0,0.0,0.0,0.0,0.0,0.0,0.0,52.0,0.0,0.0,Paper Rex
542265,233460,valyn,G2,omen,1.0,2.0,0.0,0.0,0.0,0.0,0.0,0.0,0.0,48.0,1.0,0.0,G2 Esports
542265,233460,jawgemo,G2,yoru,3.0,3.0,0.0,0.0,0.0,1.0,0.0,0.0,0.0,58.0,0.0,2.0,G2 Esports
542265,233460,JonahP,G2,fade,2.0,1.0,1.0,0.0,0.0,0.0,0.0,0.0,0.0,55.0,1.0,0.0,G2 Esports
542265,233460,leaf,G2,viper,3.0,1.0,1.0,0.0,0.0,0.0,0.0,0.0,0.0,58.0,0.0,0.0,G2 Esports
542265,233460,trent,G2,tejo,1.0,0.0,0.0,0.0,1.0,0.0,0.0,0.0,0.0,24.0,5.0,0.0,G2 Esports
542265,233461,Jinggg,PRX,raze,3.0,1.0,0.0,0.0,0.0,0.0,0.0,0.0,0.0,48.0,0.0,2.0,Paper Rex
542265,233461,f0rsakeN,PRX,omen,1.0,2.0,1.0,0.0,0.0,0.0,0.0,0.0,0.0,39.0,1.0,0.0,Paper Rex
542265,233461,d4v41,PRX,vyse,2.0,0.0,1.0,0.0,0.0,0.0,0.0,0.0,0.0,36.0,0.0,0.0,Paper Rex
542265,233461,PatMen,PRX,fade,4.0,2.0,0.0,0.0,0.0,0.0,0.0,0.0,0.0,47.0,8.0,0.0,Paper Rex
542265,233461,something,PRX,yoru,5.0,2.0,1.0,0.0,0.0,0.0,1.0,0.0,0.0,55.0,1.0,0.0,Paper Rex
542265,233461,valyn,G2,omen,2.0,0.0,0.0,0.0,0.0,0.0,0.0,0.0,0.0,34.0,0.0,1.0,G2 Esports
542265,233461,jawgemo,G2,yoru,1.0,2.0,0.0,0.0,2.0,0.0,0.0,0.0,0.0,30.0,1.0,1.0,G2 Esports
542265,233461,JonahP,G2,fade,4.0,3.0,0.0,0.0,0.0,0.0,0.0,0.0,0.0,55.0,2.0,1.0,G2 Esports
542265,233461,leaf,G2,viper,4.0,2.0,0.0,0.0,1.0,0.0,0.0,0.0,0.0,53.0,1.0,0.0,G2 Esports
542265,233461,trent,G2,tejo,3.0,3.0,0.0,0.0,0.0,1.0,0.0,0.0,0.0,51.0,5.0,1.0,G2 Esports
542265,233462,Jinggg,PRX,sage,1.0,3.0,0.0,0.0,0.0,0.0,0.0,0.0,0.0,43.0,1.0,0.0,Paper Rex
542265,233462,f0rsakeN,PRX,omen,1.0,3.0,2.0,0.0,0.0,1.0,0.0,0.0,0.0,78.0,4.0,1.0,Paper Rex
542265,233462,d4v41,PRX,vyse,5.0,0.0,0.0,0.0,0.0,0.0,0.0,0.0,0.0,54.0,0.0,0.0,Paper Rex
542265,233462,PatMen,PRX,sova,1.0,1.0,0.0,0.0,1.0,0.0,0.0,0.0,0.0,28.0,5.0,1.0,Paper Rex
542265,233462,something,PRX,yoru,4.0,0.0,1.0,0.0,0.0,0.0,0.0,0.0,0.0,64.0,0.0,0.0,Paper Rex
542265,233462,valyn,G2,omen,3.0,0.0,0.0,0.0,0.0,0.0,0.0,0.0,0.0,44.0,1.0,0.0,G2 Esports
542265,233462,jawgemo,G2,yoru,4.0,0.0,0.0,0.0,0.0,0.0,0.0,0.0,0.0,41.0,2.0,0.0,G2 Esports
542265,233462,JonahP,G2,vyse,4.0,0.0,0.0,0.0,0.0,0.0,0.0,0.0,0.0,39.0,0.0,0.0,G2 Esports
542265,233462,leaf,G2,chamber,8.0,1.0,1.0,0.0,0.0,0.0,0.0,0.0,0.0,116.0,1.0,0.0,G2 Esports
542265,233462,trent,G2,sova,1.0,1.0,0.0,0.0,0.0,1.0,0.0,0.0,0.0,44.0,6.0,2.0,G2 Esports
542266,233463,Boo,TH,astra,2.0,0.0,0.0,0.0,0.0,0.0,0.0,0.0,0.0,36.0,5.0,0.0,Team Heretics
542266,233463,RieNs,TH,fade,4.0,1.0,0.0,0.0,1.0,0.0,0.0,0.0,0.0,54.0,1.0,0.0,Team Heretics
542266,233463,MiniBoo,TH,yoru,3.0,1.0,0.0,0.0,2.0,0.0,0.0,0.0,0.0,45.0,1.0,1.0,Team Heretics
542266,233463,Wo0t,TH,viper,4.0,0.0,0.0,0.0,0.0,1.0,0.0,0.0,0.0,48.0,2.0,0.0,Team Heretics
542266,233463,benjyfishy,TH,vyse,1.0,0.0,0.0,0.0,1.0,0.0,0.0,0.0,0.0,33.0,2.0,1.0,Team Heretics
542266,233463,cortezia,MIBR,viper,4.0,0.0,0.0,0.0,0.0,0.0,0.0,0.0,0.0,33.0,0.0,1.0,MIBR
542266,233463,artzin,MIBR,kayo,4.0,3.0,0.0,0.0,1.0,0.0,0.0,0.0,0.0,84.0,2.0,2.0,MIBR
542266,233463,aspas,MIBR,waylay,4.0,0.0,0.0,0.0,1.0,0.0,0.0,0.0,0.0,39.0,0.0,0.0,MIBR
542266,233463,xenom,MIBR,omen,3.0,1.0,0.0,0.0,0.0,0.0,0.0,0.0,0.0,47.0,1.0,0.0,MIBR
542266,233463,Verno,MIBR,sova,1.0,2.0,0.0,0.0,0.0,0.0,0.0,0.0,0.0,51.0,7.0,0.0,MIBR
542266,233464,Boo,TH,omen,2.0,0.0,0.0,0.0,1.0,0.0,0.0,0.0,0.0,26.0,2.0,1.0,Team Heretics
542266,233464,RieNs,TH,sova,3.0,1.0,0.0,0.0,0.0,0.0,0.0,0.0,0.0,55.0,3.0,0.0,Team Heretics
542266,233464,MiniBoo,TH,yoru,0.0,1.0,0.0,0.0,0.0,0.0,0.0,0.0,0.0,32.0,0.0,2.0,Team Heretics
542266,233464,Wo0t,TH,viper,1.0,1.0,0.0,0.0,0.0,0.0,0.0,1.0,0.0,40.0,0.0,0.0,Team Heretics
542266,233464,benjyfishy,TH,vyse,2.0,0.0,1.0,0.0,0.0,0.0,0.0,0.0,0.0,41.0,1.0,0.0,Team Heretics
542266,233464,cortezia,MIBR,cypher,4.0,1.0,0.0,0.0,0.0,0.0,0.0,0.0,0.0,75.0,2.0,0.0,MIBR
542266,233464,artzin,MIBR,viper,1.0,1.0,0.0,0.0,0.0,0.0,0.0,0.0,0.0,60.0,0.0,1.0,MIBR
542266,233464,aspas,MIBR,neon,1.0,3.0,0.0,0.0,0.0,0.0,0.0,0.0,0.0,83.0,0.0,1.0,MIBR
542266,233464,xenom,MIBR,omen,3.0,0.0,0.0,0.0,0.0,0.0,0.0,0.0,0.0,46.0,0.0,0.0,MIBR
542266,233464,Verno,MIBR,sova,4.0,1.0,0.0,0.0,1.0,0.0,0.0,0.0,0.0,71.0,4.0,1.0,MIBR
542267,233466,brawk,NRG,sova,3.0,0.0,2.0,0.0,0.0,0.0,0.0,0.0,0.0,138.0,2.0,1.0,NRG
542267,233466,s0m,NRG,viper,1.0,1.0,1.0,0.0,0.0,0.0,0.0,0.0,0.0,80.0,1.0,0.0,NRG
542267,233466,mada,NRG,neon,2.0,3.0,0.0,0.0,0.0,0.0,0.0,0.0,0.0,71.0,1.0,0.0,NRG
542267,233466,skuba,NRG,killjoy,0.0,1.0,0.0,0.0,0.0,0.0,0.0,0.0,0.0,26.0,1.0,0.0,NRG
542267,233466,Ethan,NRG,omen,1.0,0.0,0.0,0.0,0.0,0.0,0.0,0.0,0.0,39.0,7.0,0.0,NRG
542267,233466,Cloud,GX,sova,1.0,0.0,0.0,0.0,0.0,0.0,0.0,0.0,0.0,42.0,1.0,1.0,GIANTX
542267,233466,grubinho,GX,omen,0.0,1.0,0.0,0.0,0.0,0.0,0.0,0.0,0.0,47.0,0.0,0.0,GIANTX
542267,233466,Flickless,GX,breach,0.0,0.0,0.0,0.0,0.0,0.0,0.0,0.0,0.0,43.0,0.0,0.0,GIANTX
542267,233466,ara,GX,neon,0.0,0.0,0.0,0.0,0.0,0.0,0.0,0.0,0.0,17.0,0.0,0.0,GIANTX
542267,233466,westside,GX,cypher,0.0,0.0,0.0,0.0,0.0,0.0,0.0,0.0,0.0,35.0,0.0,0.0,GIANTX
542267,233467,brawk,NRG,vyse,2.0,2.0,0.0,0.0,0.0,0.0,0.0,0.0,0.0,78.0,0.0,1.0,NRG
542267,233467,s0m,NRG,omen,2.0,0.0,0.0,0.0,0.0,0.0,0.0,0.0,0.0,45.0,3.0,0.0,NRG
542267,233467,mada,NRG,raze,5.0,1.0,0.0,0.0,0.0,0.0,0.0,0.0,0.0,64.0,1.0,0.0,NRG
542267,233467,skuba,NRG,viper,5.0,1.0,0.0,0.0,0.0,1.0,0.0,0.0,0.0,58.0,3.0,0.0,NRG
542267,233467,Ethan,NRG,fade,2.0,1.0,0.0,0.0,0.0,0.0,0.0,0.0,0.0,48.0,3.0,0.0,NRG
542267,233467,Cloud,GX,fade,2.0,1.0,0.0,0.0,1.0,0.0,0.0,0.0,0.0,62.0,2.0,0.0,GIANTX
542267,233467,grubinho,GX,omen,0.0,1.0,1.0,0.0,0.0,0.0,0.0,0.0,0.0,51.0,1.0,0.0,GIANTX
542267,233467,Flickless,GX,viper,1.0,0.0,0.0,0.0,0.0,0.0,0.0,0.0,0.0,40.0,1.0,0.0,GIANTX
542267,233467,ara,GX,raze,0.0,0.0,0.0,0.0,0.0,0.0,0.0,0.0,0.0,14.0,0.0,1.0,GIANTX
542267,233467,westside,GX,cypher,3.0,1.0,0.0,0.0,1.0,0.0,0.0,0.0,0.0,53.0,0.0,0.0,GIANTX
542268,233469,crashies,FNC,fade,2.0,1.0,0.0,0.0,0.0,0.0,0.0,0.0,0.0,45.0,0.0,0.0,FNATIC
542268,233469,Boaster,FNC,astra,1.0,0.0,0.0,0.0,0.0,0.0,0.0,0.0,0.0,45.0,3.0,1.0,FNATIC
542268,233469,Chronicle,FNC,viper,2.0,0.0,0.0,0.0,0.0,0.0,0.0,0.0,0.0,38.0,1.0,0.0,FNATIC
542268,233469,doma,FNC,tejo,3.0,1.0,0.0,0.0,0.0,0.0,0.0,0.0,0.0,49.0,1.0,0.0,FNATIC
542268,233469,kaajak,FNC,yoru,3.0,4.0,1.0,0.0,1.0,0.0,0.0,0.0,0.0,83.0,0.0,1.0,FNATIC
542268,233469,Jinggg,PRX,raze,2.0,0.0,0.0,0.0,0.0,0.0,0.0,0.0,0.0,48.0,0.0,0.0,Paper Rex
542268,233469,f0rsakeN,PRX,brimstone,6.0,0.0,0.0,0.0,0.0,0.0,0.0,0.0,0.0,50.0,1.0,0.0,Paper Rex
542268,233469,d4v41,PRX,viper,3.0,1.0,0.0,0.0,0.0,1.0,0.0,0.0,0.0,55.0,0.0,2.0,Paper Rex
542268,233469,PatMen,PRX,fade,2.0,2.0,0.0,0.0,0.0,0.0,0.0,0.0,0.0,57.0,6.0,1.0,Paper Rex
542268,233469,something,PRX,yoru,2.0,0.0,1.0,0.0,0.0,0.0,0.0,0.0,0.0,47.0,0.0,0.0,Paper Rex
542268,233470,crashies,FNC,sova,4.0,0.0,0.0,0.0,2.0,0.0,0.0,0.0,0.0,55.0,2.0,0.0,FNATIC
542268,233470,Boaster,FNC,omen,2.0,1.0,0.0,0.0,0.0,0.0,0.0,0.0,0.0,31.0,3.0,1.0,FNATIC
542268,233470,Chronicle,FNC,viper,3.0,1.0,1.0,0.0,0.0,0.0,1.0,0.0,0.0,83.0,4.0,0.0,FNATIC
542268,233470,doma,FNC,killjoy,5.0,0.0,0.0,0.0,0.0,0.0,0.0,0.0,0.0,48.0,0.0,0.0,FNATIC
542268,233470,kaajak,FNC,yoru,2.0,1.0,1.0,0.0,0.0,0.0,0.0,0.0,0.0,76.0,1.0,0.0,FNATIC
542268,233470,Jinggg,PRX,omen,2.0,0.0,0.0,0.0,0.0,0.0,0.0,0.0,0.0,40.0,0.0,0.0,Paper Rex
542268,233470,f0rsakeN,PRX,waylay,4.0,1.0,0.0,0.0,0.0,0.0,0.0,0.0,0.0,49.0,0.0,0.0,Paper Rex
542268,233470,d4v41,PRX,vyse,1.0,0.0,1.0,0.0,0.0,1.0,0.0,0.0,0.0,46.0,0.0,1.0,Paper Rex
542268,233470,PatMen,PRX,fade,1.0,0.0,0.0,0.0,0.0,0.0,0.0,0.0,0.0,32.0,1.0,0.0,Paper Rex
542268,233470,something,PRX,yoru,2.0,0.0,0.0,0.0,0.0,0.0,0.0,0.0,0.0,33.0,0.0,1.0,Paper Rex
542268,233471,crashies,FNC,fade,0.0,1.0,0.0,0.0,1.0,0.0,0.0,0.0,0.0,35.0,2.0,4.0,FNATIC
542268,233471,Boaster,FNC,omen,4.0,1.0,0.0,0.0,0.0,0.0,0.0,0.0,0.0,56.0,2.0,1.0,FNATIC
542268,233471,Chronicle,FNC,viper,8.0,1.0,1.0,0.0,1.0,0.0,0.0,0.0,0.0,88.0,1.0,2.0,FNATIC
542268,233471,doma,FNC,killjoy,2.0,1.0,0.0,0.0,0.0,1.0,0.0,0.0,0.0,45.0,1.0,0.0,FNATIC
542268,233471,kaajak,FNC,raze,5.0,1.0,0.0,0.0,0.0,0.0,0.0,0.0,0.0,51.0,0.0,1.0,FNATIC
542268,233471,Jinggg,PRX,raze,1.0,2.0,0.0,0.0,1.0,0.0,0.0,0.0,0.0,57.0,0.0,1.0,Paper Rex
542268,233471,f0rsakeN,PRX,omen,1.0,2.0,0.0,0.0,0.0,0.0,0.0,0.0,0.0,53.0,0.0,0.0,Paper Rex
542268,233471,d4v41,PRX,vyse,4.0,0.0,0.0,0.0,0.0,0.0,0.0,0.0,0.0,50.0,0.0,0.0,Paper Rex
542268,233471,PatMen,PRX,fade,1.0,0.0,0.0,0.0,0.0,0.0,0.0,0.0,0.0,39.0,8.0,2.0,Paper Rex
542268,233471,something,PRX,yoru,1.0,2.0,0.0,0.0,1.0,0.0,0.0,0.0,0.0,50.0,0.0,0.0,Paper Rex
542269,233472,cortezia,MIBR,cypher,7.0,1.0,0.0,0.0,0.0,0.0,0.0,0.0,0.0,57.0,0.0,0.0,MIBR
542269,233472,artzin,MIBR,kayo,4.0,1.0,0.0,0.0,0.0,0.0,0.0,0.0,0.0,36.0,4.0,0.0,MIBR
542269,233472,aspas,MIBR,jett,12.0,2.0,0.0,0.0,0.0,0.0,0.0,0.0,0.0,57.0,1.0,0.0,MIBR
542269,233472,xenom,MIBR,astra,3.0,0.0,0.0,0.0,0.0,0.0,0.0,0.0,0.0,31.0,1.0,1.0,MIBR
542269,233472,Verno,MIBR,sova,3.0,0.0,0.0,0.0,0.0,0.0,0.0,0.0,0.0,33.0,6.0,1.0,MIBR
542269,233472,brawk,NRG,sova,4.0,1.0,0.0,0.0,0.0,2.0,0.0,0.0,0.0,32.0,0.0,3.0,NRG
542269,233472,s0m,NRG,harbor,1.0,3.0,0.0,0.0,0.0,0.0,0.0,0.0,0.0,33.0,6.0,0.0,NRG
542269,233472,mada,NRG,yoru,4.0,2.0,0.0,0.0,1.0,0.0,0.0,0.0,0.0,37.0,0.0,3.0,NRG
542269,233472,skuba,NRG,vyse,2.0,0.0,0.0,0.0,0.0,0.0,0.0,0.0,0.0,31.0,2.0,0.0,NRG
542269,233472,Ethan,NRG,omen,5.0,0.0,0.0,0.0,0.0,0.0,0.0,0.0,0.0,37.0,2.0,0.0,NRG
542269,233473,cortezia,MIBR,killjoy,2.0,1.0,0.0,0.0,0.0,0.0,0.0,0.0,0.0,61.0,0.0,1.0,MIBR
542269,233473,artzin,MIBR,viper,2.0,2.0,0.0,0.0,0.0,0.0,0.0,0.0,0.0,87.0,0.0,0.0,MIBR
542269,233473,aspas,MIBR,neon,4.0,3.0,0.0,0.0,0.0,0.0,0.0,0.0,0.0,54.0,0.0,1.0,MIBR
542269,233473,xenom,MIBR,omen,1.0,0.0,0.0,0.0,0.0,0.0,0.0,0.0,0.0,25.0,1.0,1.0,MIBR
542269,233473,Verno,MIBR,sova,4.0,0.0,0.0,0.0,0.0,0.0,0.0,0.0,0.0,63.0,3.0,1.0,MIBR
542269,233473,brawk,NRG,sova,1.0,1.0,0.0,0.0,0.0,0.0,0.0,0.0,0.0,61.0,2.0,1.0,NRG
542269,233473,s0m,NRG,viper,3.0,0.0,0.0,0.0,0.0,0.0,0.0,0.0,0.0,60.0,2.0,0.0,NRG
542269,233473,mada,NRG,neon,0.0,1.0,0.0,0.0,0.0,0.0,0.0,0.0,0.0,27.0,0.0,0.0,NRG
542269,233473,skuba,NRG,killjoy,0.0,1.0,0.0,0.0,1.0,0.0,0.0,0.0,0.0,47.0,1.0,0.0,NRG
542269,233473,Ethan,NRG,omen,0.0,0.0,0.0,0.0,0.0,0.0,0.0,0.0,0.0,28.0,1.0,0.0,NRG
542269,233474,cortezia,MIBR,viper,4.0,0.0,0.0,0.0,0.0,0.0,0.0,0.0,0.0,36.0,0.0,1.0,MIBR
542269,233474,artzin,MIBR,kayo,5.0,0.0,0.0,0.0,0.0,0.0,0.0,0.0,0.0,31.0,3.0,0.0,MIBR
542269,233474,aspas,MIBR,waylay,5.0,1.0,0.0,1.0,0.0,0.0,0.0,0.0,0.0,37.0,1.0,1.0,MIBR
542269,233474,xenom,MIBR,omen,4.0,0.0,0.0,0.0,0.0,0.0,0.0,0.0,0.0,30.0,0.0,0.0,MIBR
542269,233474,Verno,MIBR,sova,3.0,2.0,0.0,0.0,1.0,0.0,0.0,0.0,0.0,47.0,6.0,1.0,MIBR
542269,233474,brawk,NRG,sova,4.0,1.0,0.0,0.0,1.0,0.0,0.0,0.0,0.0,52.0,1.0,1.0,NRG
542269,233474,s0m,NRG,omen,3.0,1.0,0.0,0.0,0.0,1.0,0.0,0.0,0.0,48.0,1.0,1.0,NRG
542269,233474,mada,NRG,waylay,1.0,3.0,0.0,0.0,0.0,0.0,0.0,0.0,0.0,35.0,1.0,0.0,NRG
542269,233474,skuba,NRG,viper,1.0,2.0,0.0,0.0,0.0,1.0,0.0,0.0,0.0,55.0,0.0,1.0,NRG
542269,233474,Ethan,NRG,kayo,3.0,0.0,0.0,0.0,0.0,0.0,0.0,0.0,0.0,46.0,8.0,1.0,NRG
542270,233475,crashies,FNC,sova,1.0,0.0,1.0,0.0,0.0,0.0,0.0,0.0,0.0,45.0,1.0,1.0,FNATIC
542270,233475,Boaster,FNC,omen,3.0,1.0,0.0,0.0,0.0,0.0,0.0,0.0,0.0,52.0,0.0,0.0,FNATIC
542270,233475,Chronicle,FNC,vyse,4.0,1.0,0.0,0.0,0.0,0.0,0.0,0.0,0.0,48.0,1.0,1.0,FNATIC
542270,233475,kaajak,FNC,yoru,4.0,1.0,1.0,0.0,0.0,0.0,0.0,0.0,0.0,57.0,0.0,0.0,FNATIC
542270,233475,Alfajer,FNC,sage,5.0,0.0,0.0,0.0,0.0,0.0,0.0,0.0,0.0,35.0,2.0,2.0,FNATIC
542270,233475,brawk,NRG,sova,3.0,1.0,1.0,0.0,0.0,0.0,0.0,0.0,0.0,58.0,3.0,0.0,NRG
542270,233475,s0m,NRG,omen,3.0,1.0,1.0,0.0,0.0,0.0,0.0,1.0,0.0,48.0,2.0,0.0,NRG
542270,233475,mada,NRG,jett,3.0,1.0,0.0,0.0,1.0,0.0,0.0,0.0,0.0,42.0,0.0,0.0,NRG
542270,233475,skuba,NRG,vyse,3.0,1.0,1.0,0.0,2.0,0.0,0.0,0.0,0.0,65.0,0.0,0.0,NRG
542270,233475,Ethan,NRG,kayo,0.0,2.0,0.0,0.0,1.0,0.0,0.0,0.0,0.0,46.0,3.0,0.0,NRG
542270,233476,crashies,FNC,sova,3.0,0.0,0.0,0.0,0.0,0.0,0.0,0.0,0.0,54.0,2.0,0.0,FNATIC
542270,233476,Boaster,FNC,astra,0.0,0.0,0.0,0.0,0.0,0.0,0.0,0.0,0.0,26.0,1.0,1.0,FNATIC
542270,233476,Chronicle,FNC,breach,1.0,1.0,0.0,0.0,0.0,0.0,0.0,0.0,0.0,43.0,1.0,0.0,FNATIC
542270,233476,kaajak,FNC,waylay,1.0,1.0,0.0,0.0,0.0,0.0,0.0,0.0,0.0,44.0,0.0,0.0,FNATIC
542270,233476,Alfajer,FNC,cypher,1.0,0.0,0.0,0.0,0.0,0.0,0.0,0.0,0.0,33.0,0.0,0.0,FNATIC
542270,233476,brawk,NRG,sova,2.0,0.0,0.0,0.0,0.0,0.0,0.0,0.0,0.0,53.0,2.0,0.0,NRG
542270,233476,s0m,NRG,harbor,3.0,1.0,0.0,0.0,0.0,0.0,0.0,0.0,0.0,58.0,6.0,0.0,NRG
542270,233476,mada,NRG,yoru,3.0,1.0,0.0,0.0,0.0,0.0,0.0,0.0,0.0,55.0,0.0,0.0,NRG
542270,233476,skuba,NRG,vyse,0.0,2.0,1.0,0.0,0.0,1.0,0.0,0.0,0.0,76.0,2.0,0.0,NRG
542270,233476,Ethan,NRG,omen,2.0,1.0,0.0,0.0,0.0,0.0,0.0,0.0,0.0,62.0,1.0,0.0,NRG
542272,233478,brawk,NRG,sova,5.0,3.0,0.0,0.0,0.0,0.0,0.0,0.0,0.0,99.0,0.0,2.0,NRG
542272,233478,s0m,NRG,omen,4.0,0.0,0.0,0.0,0.0,0.0,0.0,0.0,0.0,51.0,0.0,0.0,NRG
542272,233478,mada,NRG,waylay,2.0,3.0,0.0,0.0,0.0,0.0,0.0,0.0,0.0,61.0,0.0,1.0,NRG
542272,233478,skuba,NRG,viper,0.0,1.0,0.0,0.0,0.0,1.0,0.0,0.0,0.0,42.0,0.0,1.0,NRG
542272,233478,Ethan,NRG,kayo,0.0,0.0,1.0,0.0,0.0,0.0,0.0,0.0,0.0,52.0,3.0,1.0,NRG
542272,233478,crashies,FNC,fade,2.0,0.0,0.0,0.0,1.0,0.0,0.0,0.0,0.0,45.0,4.0,0.0,FNATIC
542272,233478,Boaster,FNC,astra,1.0,0.0,0.0,0.0,0.0,0.0,0.0,0.0,0.0,27.0,2.0,0.0,FNATIC
542272,233478,Chronicle,FNC,viper,1.0,0.0,0.0,0.0,0.0,0.0,0.0,0.0,0.0,29.0,0.0,0.0,FNATIC
542272,233478,kaajak,FNC,yoru,1.0,1.0,0.0,0.0,0.0,0.0,0.0,0.0,0.0,50.0,1.0,0.0,FNATIC
542272,233478,Alfajer,FNC,vyse,2.0,0.0,0.0,0.0,0.0,0.0,0.0,0.0,0.0,37.0,1.0,0.0,FNATIC
542272,233479,brawk,NRG,vyse,1.0,2.0,0.0,0.0,1.0,0.0,0.0,0.0,0.0,51.0,0.0,0.0,NRG
542272,233479,s0m,NRG,omen,1.0,1.0,0.0,0.0,1.0,0.0,0.0,0.0,0.0,36.0,2.0,0.0,NRG
542272,233479,mada,NRG,raze,4.0,1.0,0.0,0.0,0.0,0.0,0.0,0.0,0.0,59.0,0.0,0.0,NRG
542272,233479,skuba,NRG,viper,5.0,0.0,0.0,0.0,0.0,0.0,0.0,0.0,0.0,59.0,2.0,1.0,NRG
542272,233479,Ethan,NRG,fade,2.0,1.0,0.0,0.0,0.0,0.0,0.0,0.0,0.0,35.0,6.0,0.0,NRG
542272,233479,crashies,FNC,fade,1.0,0.0,0.0,0.0,0.0,0.0,0.0,0.0,0.0,32.0,2.0,0.0,FNATIC
542272,233479,Boaster,FNC,omen,0.0,1.0,0.0,0.0,0.0,1.0,0.0,0.0,0.0,53.0,1.0,0.0,FNATIC
542272,233479,Chronicle,FNC,viper,2.0,1.0,0.0,0.0,0.0,0.0,0.0,0.0,0.0,60.0,0.0,1.0,FNATIC
542272,233479,kaajak,FNC,raze,3.0,1.0,1.0,0.0,0.0,0.0,0.0,0.0,0.0,75.0,0.0,0.0,FNATIC
542272,233479,Alfajer,FNC,killjoy,3.0,0.0,0.0,0.0,0.0,0.0,0.0,0.0,0.0,44.0,1.0,0.0,FNATIC
542272,233480,brawk,NRG,sova,2.0,2.0,0.0,0.0,0.0,0.0,0.0,0.0,0.0,56.0,0.0,1.0,NRG
542272,233480,s0m,NRG,harbor,0.0,0.0,0.0,0.0,0.0,0.0,0.0,0.0,0.0,27.0,7.0,0.0,NRG
542272,233480,mada,NRG,yoru,3.0,0.0,0.0,0.0,0.0,0.0,0.0,0.0,0.0,40.0,0.0,1.0,NRG
542272,233480,skuba,NRG,vyse,3.0,1.0,2.0,0.0,0.0,0.0,0.0,0.0,0.0,61.0,0.0,2.0,NRG
542272,233480,Ethan,NRG,omen,4.0,0.0,0.0,0.0,0.0,0.0,0.0,0.0,0.0,51.0,2.0,0.0,NRG
542272,233480,crashies,FNC,sova,4.0,0.0,2.0,0.0,0.0,0.0,0.0,0.0,0.0,55.0,4.0,2.0,FNATIC
542272,233480,Boaster,FNC,astra,2.0,1.0,0.0,0.0,0.0,0.0,0.0,0.0,0.0,35.0,2.0,2.0,FNATIC
542272,233480,Chronicle,FNC,breach,1.0,1.0,1.0,0.0,0.0,0.0,0.0,0.0,0.0,41.0,1.0,3.0,FNATIC
542272,233480,kaajak,FNC,waylay,2.0,4.0,0.0,0.0,0.0,0.0,0.0,0.0,0.0,55.0,0.0,0.0,FNATIC
542272,233480,Alfajer,FNC,cypher,2.0,0.0,0.0,0.0,0.0,0.0,0.0,0.0,0.0,30.0,0.0,0.0,FNATIC
542272,233481,brawk,NRG,sova,2.0,1.0,0.0,0.0,0.0,0.0,0.0,0.0,0.0,55.0,0.0,2.0,NRG
542272,233481,s0m,NRG,omen,2.0,0.0,0.0,0.0,0.0,0.0,0.0,0.0,0.0,57.0,0.0,0.0,NRG
542272,233481,mada,NRG,jett,1.0,1.0,0.0,0.0,0.0,0.0,0.0,0.0,0.0,39.0,0.0,0.0,NRG
542272,233481,skuba,NRG,vyse,4.0,0.0,0.0,0.0,0.0,0.0,0.0,0.0,0.0,44.0,2.0,0.0,NRG
542272,233481,Ethan,NRG,kayo,2.0,1.0,0.0,0.0,1.0,0.0,0.0,0.0,0.0,38.0,5.0,0.0,NRG
542272,233481,crashies,FNC,sova,4.0,0.0,0.0,0.0,0.0,0.0,0.0,0.0,0.0,58.0,1.0,0.0,FNATIC
542272,233481,Boaster,FNC,omen,1.0,0.0,0.0,0.0,0.0,0.0,0.0,0.0,0.0,34.0,3.0,1.0,FNATIC
542272,233481,Chronicle,FNC,vyse,1.0,1.0,1.0,0.0,1.0,0.0,0.0,0.0,0.0,45.0,1.0,1.0,FNATIC
542272,233481,kaajak,FNC,yoru,5.0,0.0,0.0,0.0,1.0,0.0,0.0,0.0,0.0,55.0,2.0,1.0,FNATIC
542272,233481,Alfajer,FNC,sage,5.0,2.0,0.0,0.0,0.0,0.0,0.0,0.0,0.0,77.0,3.0,0.0,FNATIC
542272,233482,brawk,NRG,sova,2.0,0.0,0.0,0.0,0.0,0.0,0.0,0.0,0.0,68.0,4.0,0.0,NRG
542272,233482,s0m,NRG,omen,4.0,0.0,0.0,0.0,1.0,0.0,0.0,0.0,0.0,41.0,0.0,0.0,NRG
542272,233482,mada,NRG,neon,2.0,1.0,0.0,0.0,0.0,0.0,0.0,0.0,0.0,41.0,1.0,2.0,NRG
542272,233482,skuba,NRG,cypher,3.0,0.0,0.0,0.0,2.0,0.0,0.0,0.0,0.0,63.0,1.0,1.0,NRG
542272,233482,Ethan,NRG,breach,2.0,3.0,1.0,0.0,1.0,0.0,0.0,0.0,0.0,93.0,4.0,0.0,NRG
542272,233482,crashies,FNC,fade,1.0,0.0,0.0,0.0,0.0,0.0,0.0,0.0,0.0,36.0,0.0,0.0,FNATIC
542272,233482,Boaster,FNC,omen,1.0,0.0,0.0,0.0,0.0,0.0,0.0,0.0,0.0,26.0,4.0,0.0,FNATIC
542272,233482,Chronicle,FNC,cypher,1.0,0.0,0.0,0.0,0.0,0.0,0.0,0.0,0.0,51.0,0.0,2.0,FNATIC
542272,233482,kaajak,FNC,yoru,2.0,2.0,0.0,0.0,0.0,0.0,0.0,0.0,0.0,57.0,1.0,0.0,FNATIC
542272,233482,Alfajer,FNC,neon,2.0,2.0,0.0,0.0,1.0,0.0,0.0,0.0,0.0,65.0,0.0,0.0,FNATIC
542273,233483,free1ng,KRX,vyse,1.0,1.0,1.0,0.0,0.0,0.0,0.0,0.0,0.0,58.0,0.0,0.0,KIWOOM DRX
542273,233483,MaKo,KRX,omen,4.0,0.0,1.0,0.0,1.0,0.0,1.0,0.0,0.0,52.0,1.0,1.0,KIWOOM DRX
542273,233483,BeYN,KRX,fade,0.0,0.0,0.0,0.0,0.0,0.0,0.0,0.0,0.0,23.0,6.0,0.0,KIWOOM DRX
542273,233483,HYUNMIN,KRX,waylay,2.0,0.0,0.0,0.0,0.0,0.0,0.0,0.0,0.0,36.0,0.0,0.0,KIWOOM DRX
542273,233483,Flashback,KRX,yoru,2.0,1.0,0.0,0.0,0.0,0.0,0.0,0.0,0.0,39.0,0.0,0.0,KIWOOM DRX
542273,233483,valyn,G2,omen,3.0,0.0,0.0,0.0,1.0,0.0,0.0,0.0,0.0,45.0,3.0,0.0,G2 Esports
542273,233483,jawgemo,G2,yoru,1.0,7.0,0.0,0.0,0.0,0.0,0.0,0.0,0.0,80.0,1.0,0.0,G2 Esports
542273,233483,JonahP,G2,fade,1.0,2.0,0.0,0.0,0.0,0.0,0.0,0.0,0.0,67.0,4.0,1.0,G2 Esports
542273,233483,leaf,G2,viper,3.0,0.0,0.0,0.0,0.0,0.0,0.0,0.0,0.0,46.0,0.0,3.0,G2 Esports
542273,233483,trent,G2,tejo,4.0,0.0,1.0,0.0,0.0,0.0,0.0,0.0,0.0,61.0,1.0,0.0,G2 Esports
542273,233484,free1ng,KRX,cypher,1.0,0.0,0.0,0.0,0.0,0.0,0.0,0.0,0.0,13.0,0.0,1.0,KIWOOM DRX
542273,233484,MaKo,KRX,omen,6.0,1.0,0.0,0.0,0.0,0.0,0.0,0.0,0.0,48.0,2.0,0.0,KIWOOM DRX
542273,233484,BeYN,KRX,sova,1.0,0.0,0.0,0.0,0.0,0.0,0.0,0.0,0.0,41.0,7.0,1.0,KIWOOM DRX
542273,233484,HYUNMIN,KRX,waylay,4.0,5.0,0.0,0.0,1.0,0.0,0.0,0.0,0.0,81.0,0.0,0.0,KIWOOM DRX
542273,233484,Flashback,KRX,yoru,6.0,1.0,0.0,0.0,0.0,0.0,0.0,0.0,0.0,53.0,0.0,0.0,KIWOOM DRX
542273,233484,valyn,G2,astra,0.0,2.0,0.0,0.0,0.0,0.0,1.0,0.0,0.0,45.0,3.0,0.0,G2 Esports
542273,233484,jawgemo,G2,yoru,3.0,1.0,0.0,0.0,0.0,0.0,0.0,0.0,0.0,37.0,1.0,0.0,G2 Esports
542273,233484,JonahP,G2,sova,2.0,2.0,0.0,0.0,0.0,0.0,0.0,0.0,0.0,41.0,3.0,0.0,G2 Esports
542273,233484,leaf,G2,chamber,2.0,0.0,0.0,0.0,0.0,0.0,0.0,0.0,0.0,54.0,0.0,0.0,G2 Esports
542273,233484,trent,G2,tejo,4.0,0.0,0.0,0.0,0.0,1.0,0.0,0.0,0.0,57.0,1.0,2.0,G2 Esports
542273,233485,free1ng,KRX,viper,2.0,1.0,0.0,0.0,0.0,0.0,0.0,0.0,0.0,58.0,1.0,0.0,KIWOOM DRX
542273,233485,MaKo,KRX,brimstone,5.0,0.0,1.0,0.0,0.0,1.0,0.0,0.0,0.0,82.0,3.0,1.0,KIWOOM DRX
542273,233485,BeYN,KRX,fade,2.0,0.0,0.0,0.0,0.0,0.0,0.0,0.0,0.0,41.0,0.0,0.0,KIWOOM DRX
542273,233485,HYUNMIN,KRX,waylay,2.0,1.0,0.0,0.0,0.0,0.0,0.0,0.0,0.0,56.0,0.0,0.0,KIWOOM DRX
542273,233485,Flashback,KRX,yoru,5.0,1.0,0.0,0.0,0.0,0.0,0.0,0.0,0.0,56.0,0.0,2.0,KIWOOM DRX
542273,233485,valyn,G2,brimstone,1.0,3.0,0.0,0.0,0.0,0.0,0.0,0.0,0.0,60.0,0.0,1.0,G2 Esports
542273,233485,jawgemo,G2,yoru,5.0,0.0,0.0,0.0,0.0,0.0,0.0,0.0,0.0,46.0,1.0,0.0,G2 Esports
542273,233485,JonahP,G2,fade,0.0,0.0,0.0,0.0,1.0,1.0,0.0,0.0,0.0,19.0,3.0,0.0,G2 Esports
542273,233485,leaf,G2,deadlock,2.0,0.0,0.0,0.0,0.0,0.0,0.0,0.0,0.0,33.0,0.0,0.0,G2 Esports
542273,233485,trent,G2,tejo,2.0,0.0,0.0,0.0,0.0,0.0,0.0,0.0,0.0,44.0,1.0,0.0,G2 Esports
542274,233486,Boo,TH,omen,2.0,0.0,0.0,0.0,0.0,0.0,0.0,0.0,0.0,51.0,0.0,0.0,Team Heretics
542274,233486,RieNs,TH,sova,1.0,4.0,1.0,0.0,0.0,1.0,0.0,0.0,0.0,108.0,0.0,0.0,Team Heretics
542274,233486,MiniBoo,TH,yoru,5.0,1.0,0.0,0.0,0.0,0.0,0.0,0.0,0.0,69.0,2.0,0.0,Team Heretics
542274,233486,Wo0t,TH,jett,3.0,1.0,0.0,0.0,0.0,0.0,0.0,0.0,0.0,44.0,1.0,0.0,Team Heretics
542274,233486,benjyfishy,TH,cypher,4.0,0.0,0.0,0.0,1.0,0.0,0.0,0.0,0.0,54.0,0.0,0.0,Team Heretics
542274,233486,Cloud,GX,sova,1.0,0.0,0.0,0.0,0.0,0.0,0.0,0.0,0.0,38.0,1.0,0.0,GIANTX
542274,233486,grubinho,GX,omen,1.0,0.0,0.0,0.0,0.0,0.0,0.0,0.0,0.0,19.0,0.0,0.0,GIANTX
542274,233486,Flickless,GX,kayo,2.0,0.0,0.0,0.0,0.0,0.0,0.0,0.0,0.0,52.0,2.0,0.0,GIANTX
542274,233486,ara,GX,jett,0.0,1.0,0.0,0.0,1.0,0.0,0.0,0.0,0.0,58.0,0.0,0.0,GIANTX
542274,233486,westside,GX,cypher,2.0,0.0,0.0,0.0,0.0,0.0,0.0,0.0,0.0,51.0,1.0,0.0,GIANTX
542274,233487,Boo,TH,omen,0.0,0.0,0.0,0.0,0.0,0.0,0.0,0.0,0.0,19.0,1.0,2.0,Team Heretics
542274,233487,RieNs,TH,fade,2.0,0.0,0.0,0.0,0.0,0.0,0.0,0.0,0.0,35.0,0.0,0.0,Team Heretics
542274,233487,MiniBoo,TH,raze,1.0,1.0,0.0,0.0,0.0,0.0,0.0,0.0,0.0,51.0,0.0,0.0,Team Heretics
542274,233487,Wo0t,TH,chamber,0.0,3.0,0.0,0.0,0.0,0.0,0.0,0.0,0.0,45.0,0.0,0.0,Team Heretics
542274,233487,benjyfishy,TH,deadlock,1.0,0.0,0.0,0.0,0.0,0.0,0.0,0.0,0.0,37.0,0.0,1.0,Team Heretics
542274,233487,Cloud,GX,fade,5.0,0.0,0.0,0.0,0.0,0.0,0.0,0.0,0.0,76.0,6.0,0.0,GIANTX
542274,233487,grubinho,GX,omen,2.0,0.0,0.0,0.0,0.0,0.0,0.0,0.0,0.0,63.0,2.0,0.0,GIANTX
542274,233487,Flickless,GX,viper,1.0,1.0,0.0,0.0,1.0,0.0,0.0,0.0,0.0,69.0,1.0,1.0,GIANTX
542274,233487,ara,GX,raze,3.0,1.0,0.0,0.0,0.0,0.0,0.0,0.0,0.0,69.0,2.0,0.0,GIANTX
542274,233487,westside,GX,cypher,4.0,1.0,0.0,0.0,1.0,0.0,0.0,0.0,0.0,59.0,0.0,0.0,GIANTX
542274,233488,Boo,TH,brimstone,5.0,0.0,0.0,0.0,1.0,1.0,0.0,0.0,0.0,56.0,6.0,3.0,Team Heretics
542274,233488,RieNs,TH,fade,3.0,0.0,0.0,0.0,1.0,0.0,1.0,0.0,0.0,51.0,0.0,1.0,Team Heretics
542274,233488,MiniBoo,TH,waylay,2.0,3.0,0.0,0.0,0.0,0.0,0.0,0.0,0.0,54.0,0.0,2.0,Team Heretics
542274,233488,Wo0t,TH,yoru,0.0,0.0,1.0,0.0,0.0,0.0,0.0,0.0,0.0,40.0,0.0,0.0,Team Heretics
542274,233488,benjyfishy,TH,viper,2.0,1.0,0.0,0.0,1.0,0.0,0.0,0.0,0.0,47.0,2.0,1.0,Team Heretics
542274,233488,Cloud,GX,gekko,7.0,0.0,0.0,0.0,0.0,0.0,0.0,0.0,0.0,62.0,6.0,0.0,GIANTX
542274,233488,grubinho,GX,astra,5.0,0.0,0.0,0.0,0.0,0.0,0.0,0.0,0.0,47.0,1.0,0.0,GIANTX
542274,233488,Flickless,GX,viper,1.0,1.0,0.0,0.0,0.0,0.0,0.0,0.0,0.0,62.0,2.0,1.0,GIANTX
542274,233488,ara,GX,raze,3.0,0.0,0.0,0.0,0.0,0.0,0.0,0.0,0.0,35.0,0.0,2.0,GIANTX
542274,233488,westside,GX,deadlock,4.0,1.0,1.0,0.0,0.0,0.0,0.0,0.0,0.0,54.0,0.0,1.0,GIANTX
542276,233489,cortezia,MIBR,cypher,5.0,1.0,0.0,0.0,0.0,0.0,0.0,0.0,0.0,79.0,0.0,0.0,MIBR
542276,233489,artzin,MIBR,viper,3.0,1.0,0.0,0.0,0.0,0.0,0.0,0.0,0.0,60.0,0.0,0.0,MIBR
542276,233489,aspas,MIBR,neon,3.0,3.0,0.0,0.0,0.0,0.0,0.0,0.0,0.0,72.0,0.0,1.0,MIBR
542276,233489,xenom,MIBR,omen,3.0,0.0,0.0,0.0,0.0,0.0,0.0,0.0,0.0,33.0,4.0,0.0,MIBR
542276,233489,Verno,MIBR,sova,2.0,3.0,0.0,0.0,0.0,0.0,0.0,0.0,0.0,62.0,2.0,0.0,MIBR
542276,233489,free1ng,KRX,cypher,2.0,2.0,0.0,0.0,1.0,0.0,0.0,0.0,0.0,50.0,0.0,1.0,KIWOOM DRX
542276,233489,MaKo,KRX,omen,1.0,0.0,0.0,0.0,0.0,0.0,0.0,0.0,0.0,46.0,0.0,0.0,KIWOOM DRX
542276,233489,BeYN,KRX,sova,2.0,1.0,0.0,0.0,0.0,0.0,0.0,0.0,0.0,49.0,2.0,0.0,KIWOOM DRX
542276,233489,HYUNMIN,KRX,waylay,1.0,0.0,1.0,0.0,0.0,0.0,0.0,0.0,0.0,34.0,0.0,1.0,KIWOOM DRX
542276,233489,Flashback,KRX,neon,1.0,2.0,0.0,0.0,0.0,0.0,0.0,0.0,0.0,35.0,0.0,1.0,KIWOOM DRX
542276,233490,cortezia,MIBR,vyse,3.0,0.0,1.0,0.0,0.0,0.0,0.0,0.0,0.0,48.0,1.0,1.0,MIBR
542276,233490,artzin,MIBR,kayo,2.0,0.0,0.0,0.0,0.0,0.0,0.0,0.0,0.0,28.0,2.0,0.0,MIBR
542276,233490,aspas,MIBR,jett,3.0,2.0,1.0,0.0,0.0,0.0,0.0,0.0,0.0,58.0,1.0,0.0,MIBR
542276,233490,xenom,MIBR,omen,2.0,1.0,0.0,0.0,1.0,0.0,0.0,0.0,0.0,36.0,1.0,0.0,MIBR
542276,233490,Verno,MIBR,sova,2.0,3.0,0.0,0.0,0.0,0.0,0.0,0.0,0.0,44.0,3.0,0.0,MIBR
542276,233490,free1ng,KRX,vyse,2.0,2.0,0.0,0.0,0.0,0.0,0.0,0.0,0.0,54.0,4.0,0.0,KIWOOM DRX
542276,233490,MaKo,KRX,omen,1.0,1.0,0.0,0.0,0.0,0.0,0.0,0.0,0.0,35.0,4.0,0.0,KIWOOM DRX
542276,233490,BeYN,KRX,sova,3.0,4.0,0.0,0.0,2.0,0.0,1.0,0.0,0.0,60.0,3.0,0.0,KIWOOM DRX
542276,233490,HYUNMIN,KRX,waylay,1.0,2.0,0.0,0.0,0.0,0.0,0.0,0.0,0.0,43.0,0.0,0.0,KIWOOM DRX
542276,233490,Flashback,KRX,yoru,3.0,1.0,0.0,0.0,0.0,0.0,0.0,0.0,0.0,48.0,0.0,0.0,KIWOOM DRX
542276,233491,cortezia,MIBR,viper,3.0,0.0,1.0,0.0,0.0,0.0,0.0,0.0,0.0,62.0,0.0,1.0,MIBR
542276,233491,artzin,MIBR,yoru,1.0,0.0,0.0,0.0,0.0,0.0,0.0,0.0,0.0,38.0,1.0,0.0,MIBR
542276,233491,aspas,MIBR,raze,4.0,1.0,1.0,0.0,0.0,0.0,0.0,0.0,0.0,69.0,0.0,0.0,MIBR
542276,233491,xenom,MIBR,brimstone,2.0,0.0,0.0,0.0,0.0,0.0,0.0,0.0,0.0,36.0,0.0,0.0,MIBR
542276,233491,Verno,MIBR,fade,1.0,1.0,0.0,0.0,0.0,0.0,0.0,0.0,0.0,39.0,8.0,1.0,MIBR
542276,233491,free1ng,KRX,viper,2.0,1.0,0.0,0.0,0.0,0.0,0.0,0.0,0.0,44.0,0.0,0.0,KIWOOM DRX
542276,233491,MaKo,KRX,brimstone,3.0,1.0,0.0,0.0,0.0,1.0,0.0,0.0,0.0,51.0,3.0,1.0,KIWOOM DRX
542276,233491,BeYN,KRX,fade,2.0,0.0,0.0,0.0,0.0,0.0,0.0,0.0,0.0,43.0,6.0,0.0,KIWOOM DRX
542276,233491,HYUNMIN,KRX,waylay,1.0,2.0,0.0,0.0,0.0,0.0,0.0,0.0,0.0,36.0,0.0,1.0,KIWOOM DRX
542276,233491,Flashback,KRX,yoru,3.0,2.0,0.0,1.0,1.0,0.0,0.0,0.0,0.0,59.0,0.0,1.0,KIWOOM DRX
542277,233492,Jinggg,PRX,sage,2.0,1.0,0.0,0.0,0.0,0.0,0.0,0.0,0.0,35.0,1.0,0.0,Paper Rex
542277,233492,f0rsakeN,PRX,omen,3.0,1.0,0.0,1.0,0.0,0.0,0.0,0.0,0.0,43.0,3.0,0.0,Paper Rex
542277,233492,d4v41,PRX,vyse,4.0,2.0,0.0,0.0,0.0,1.0,0.0,0.0,0.0,77.0,0.0,0.0,Paper Rex
542277,233492,PatMen,PRX,sova,2.0,1.0,0.0,0.0,1.0,0.0,0.0,0.0,0.0,46.0,5.0,1.0,Paper Rex
542277,233492,something,PRX,yoru,3.0,1.0,1.0,0.0,0.0,0.0,0.0,0.0,0.0,59.0,1.0,0.0,Paper Rex
542277,233492,Boo,TH,omen,3.0,0.0,0.0,0.0,0.0,0.0,0.0,0.0,0.0,53.0,4.0,1.0,Team Heretics
542277,233492,RieNs,TH,sova,3.0,1.0,0.0,0.0,0.0,0.0,0.0,0.0,0.0,64.0,3.0,0.0,Team Heretics
542277,233492,MiniBoo,TH,yoru,4.0,0.0,0.0,0.0,0.0,0.0,0.0,0.0,0.0,39.0,0.0,0.0,Team Heretics
542277,233492,Wo0t,TH,jett,3.0,2.0,1.0,0.0,0.0,1.0,0.0,0.0,0.0,69.0,0.0,1.0,Team Heretics
542277,233492,benjyfishy,TH,cypher,1.0,0.0,0.0,0.0,0.0,0.0,0.0,0.0,0.0,29.0,2.0,0.0,Team Heretics
542277,233493,Jinggg,PRX,raze,5.0,0.0,0.0,0.0,0.0,0.0,0.0,0.0,0.0,49.0,0.0,0.0,Paper Rex
542277,233493,f0rsakeN,PRX,brimstone,1.0,1.0,2.0,0.0,0.0,0.0,0.0,0.0,0.0,65.0,2.0,0.0,Paper Rex
542277,233493,d4v41,PRX,viper,4.0,0.0,1.0,0.0,0.0,0.0,0.0,0.0,0.0,54.0,1.0,0.0,Paper Rex
542277,233493,PatMen,PRX,fade,2.0,0.0,1.0,0.0,0.0,0.0,0.0,0.0,0.0,47.0,3.0,0.0,Paper Rex
542277,233493,something,PRX,yoru,4.0,0.0,0.0,0.0,0.0,0.0,0.0,0.0,0.0,37.0,0.0,1.0,Paper Rex
542277,233493,Boo,TH,brimstone,4.0,0.0,0.0,0.0,1.0,0.0,0.0,0.0,0.0,53.0,6.0,0.0,Team Heretics
542277,233493,RieNs,TH,fade,4.0,0.0,0.0,0.0,1.0,0.0,0.0,0.0,0.0,48.0,0.0,2.0,Team Heretics
542277,233493,MiniBoo,TH,waylay,4.0,1.0,0.0,0.0,0.0,0.0,0.0,0.0,0.0,40.0,0.0,0.0,Team Heretics
542277,233493,Wo0t,TH,yoru,3.0,1.0,1.0,0.0,2.0,0.0,0.0,0.0,0.0,62.0,0.0,2.0,Team Heretics
542277,233493,benjyfishy,TH,viper,2.0,0.0,0.0,0.0,1.0,0.0,0.0,0.0,0.0,41.0,0.0,0.0,Team Heretics
542277,233494,Jinggg,PRX,raze,1.0,2.0,0.0,0.0,0.0,1.0,0.0,0.0,0.0,40.0,0.0,1.0,Paper Rex
542277,233494,f0rsakeN,PRX,omen,1.0,1.0,1.0,0.0,1.0,0.0,0.0,0.0,0.0,58.0,1.0,1.0,Paper Rex
542277,233494,d4v41,PRX,vyse,5.0,1.0,0.0,0.0,0.0,0.0,0.0,0.0,0.0,87.0,0.0,0.0,Paper Rex
542277,233494,PatMen,PRX,fade,3.0,1.0,0.0,0.0,0.0,0.0,0.0,0.0,0.0,85.0,8.0,0.0,Paper Rex
542277,233494,something,PRX,yoru,3.0,1.0,0.0,0.0,0.0,0.0,0.0,0.0,0.0,51.0,0.0,1.0,Paper Rex
542277,233494,Boo,TH,omen,2.0,0.0,0.0,0.0,0.0,0.0,0.0,0.0,0.0,47.0,1.0,0.0,Team Heretics
542277,233494,RieNs,TH,fade,3.0,1.0,0.0,0.0,0.0,0.0,0.0,0.0,0.0,56.0,1.0,1.0,Team Heretics
542277,233494,MiniBoo,TH,raze,1.0,1.0,0.0,0.0,0.0,0.0,0.0,0.0,0.0,57.0,0.0,0.0,Team Heretics
542277,233494,Wo0t,TH,chamber,3.0,0.0,0.0,0.0,1.0,0.0,0.0,0.0,0.0,38.0,0.0,0.0,Team Heretics
542277,233494,benjyfishy,TH,deadlock,2.0,1.0,0.0,0.0,0.0,0.0,0.0,0.0,0.0,57.0,1.0,1.0,Team Heretics
542278,233495,free1ng,KRX,vyse,4.0,1.0,0.0,0.0,0.0,0.0,0.0,0.0,0.0,44.0,0.0,1.0,KIWOOM DRX
542278,233495,MaKo,KRX,omen,3.0,0.0,0.0,0.0,0.0,0.0,0.0,0.0,0.0,40.0,2.0,0.0,KIWOOM DRX
542278,233495,BeYN,KRX,sova,4.0,0.0,0.0,0.0,0.0,0.0,0.0,0.0,0.0,40.0,2.0,0.0,KIWOOM DRX
542278,233495,HYUNMIN,KRX,waylay,6.0,3.0,2.0,0.0,0.0,0.0,0.0,0.0,0.0,69.0,0.0,0.0,KIWOOM DRX
542278,233495,Flashback,KRX,yoru,2.0,1.0,0.0,0.0,0.0,0.0,0.0,0.0,0.0,40.0,0.0,0.0,KIWOOM DRX
542278,233495,Jinggg,PRX,sage,3.0,6.0,0.0,0.0,0.0,0.0,0.0,0.0,0.0,64.0,1.0,0.0,Paper Rex
542278,233495,f0rsakeN,PRX,omen,2.0,2.0,0.0,0.0,1.0,0.0,0.0,0.0,0.0,31.0,1.0,0.0,Paper Rex
542278,233495,d4v41,PRX,vyse,2.0,1.0,0.0,0.0,0.0,0.0,0.0,0.0,0.0,48.0,1.0,0.0,Paper Rex
542278,233495,PatMen,PRX,sova,3.0,0.0,0.0,0.0,0.0,0.0,0.0,0.0,0.0,41.0,0.0,0.0,Paper Rex
542278,233495,something,PRX,yoru,3.0,1.0,0.0,0.0,0.0,0.0,0.0,0.0,0.0,39.0,1.0,0.0,Paper Rex
542278,233496,free1ng,KRX,vyse,2.0,1.0,0.0,0.0,0.0,0.0,0.0,0.0,0.0,61.0,0.0,1.0,KIWOOM DRX
542278,233496,MaKo,KRX,omen,2.0,0.0,1.0,0.0,0.0,0.0,0.0,0.0,0.0,63.0,3.0,0.0,KIWOOM DRX
542278,233496,BeYN,KRX,fade,2.0,1.0,0.0,0.0,0.0,0.0,0.0,0.0,0.0,63.0,5.0,0.0,KIWOOM DRX
542278,233496,HYUNMIN,KRX,raze,5.0,2.0,0.0,0.0,0.0,0.0,0.0,0.0,0.0,54.0,1.0,1.0,KIWOOM DRX
542278,233496,Flashback,KRX,yoru,3.0,0.0,0.0,0.0,0.0,0.0,0.0,0.0,0.0,50.0,0.0,0.0,KIWOOM DRX
542278,233496,Jinggg,PRX,raze,3.0,2.0,0.0,0.0,0.0,0.0,1.0,0.0,0.0,73.0,1.0,2.0,Paper Rex
542278,233496,f0rsakeN,PRX,omen,1.0,0.0,0.0,0.0,0.0,0.0,0.0,0.0,0.0,43.0,1.0,0.0,Paper Rex
542278,233496,d4v41,PRX,vyse,3.0,0.0,0.0,0.0,0.0,0.0,0.0,0.0,0.0,45.0,0.0,0.0,Paper Rex
542278,233496,PatMen,PRX,fade,0.0,0.0,0.0,0.0,0.0,0.0,0.0,0.0,0.0,15.0,3.0,0.0,Paper Rex
542278,233496,something,PRX,yoru,1.0,0.0,0.0,0.0,0.0,0.0,0.0,0.0,0.0,34.0,0.0,0.0,Paper Rex
542279,233498,crashies,FNC,fade,5.0,0.0,0.0,0.0,0.0,0.0,0.0,0.0,0.0,55.0,4.0,1.0,FNATIC
542279,233498,Boaster,FNC,omen,3.0,0.0,0.0,0.0,0.0,0.0,0.0,0.0,0.0,30.0,0.0,0.0,FNATIC
542279,233498,Chronicle,FNC,breach,0.0,1.0,0.0,0.0,0.0,0.0,0.0,0.0,0.0,26.0,1.0,0.0,FNATIC
542279,233498,kaajak,FNC,neon,3.0,1.0,0.0,0.0,0.0,0.0,0.0,0.0,0.0,54.0,0.0,0.0,FNATIC
542279,233498,Alfajer,FNC,vyse,3.0,1.0,1.0,0.0,0.0,0.0,0.0,0.0,0.0,64.0,1.0,1.0,FNATIC
542279,233498,free1ng,KRX,cypher,2.0,3.0,0.0,0.0,2.0,0.0,0.0,0.0,0.0,72.0,0.0,2.0,KIWOOM DRX
542279,233498,MaKo,KRX,omen,0.0,0.0,1.0,0.0,0.0,0.0,0.0,0.0,0.0,33.0,2.0,0.0,KIWOOM DRX
542279,233498,BeYN,KRX,sova,2.0,0.0,0.0,0.0,0.0,0.0,0.0,0.0,0.0,40.0,3.0,0.0,KIWOOM DRX
542279,233498,HYUNMIN,KRX,waylay,5.0,1.0,1.0,0.0,0.0,0.0,0.0,0.0,0.0,67.0,0.0,0.0,KIWOOM DRX
542279,233498,Flashback,KRX,yoru,5.0,1.0,0.0,0.0,0.0,0.0,0.0,0.0,0.0,61.0,2.0,0.0,KIWOOM DRX
542279,233499,crashies,FNC,fade,3.0,3.0,0.0,0.0,0.0,0.0,1.0,0.0,0.0,96.0,7.0,1.0,FNATIC
542279,233499,Boaster,FNC,astra,2.0,0.0,0.0,0.0,0.0,0.0,0.0,0.0,0.0,65.0,2.0,0.0,FNATIC
542279,233499,Chronicle,FNC,viper,4.0,1.0,1.0,0.0,0.0,0.0,0.0,0.0,0.0,73.0,1.0,0.0,FNATIC
542279,233499,kaajak,FNC,yoru,2.0,0.0,0.0,0.0,0.0,0.0,0.0,0.0,0.0,41.0,0.0,0.0,FNATIC
542279,233499,Alfajer,FNC,vyse,2.0,0.0,0.0,0.0,0.0,0.0,0.0,0.0,0.0,58.0,0.0,0.0,FNATIC
542279,233499,free1ng,KRX,vyse,1.0,0.0,0.0,0.0,1.0,0.0,0.0,0.0,0.0,37.0,0.0,0.0,KIWOOM DRX
542279,233499,MaKo,KRX,omen,0.0,0.0,0.0,0.0,0.0,0.0,0.0,0.0,0.0,23.0,0.0,0.0,KIWOOM DRX
542279,233499,BeYN,KRX,fade,2.0,1.0,0.0,0.0,0.0,0.0,0.0,0.0,0.0,40.0,2.0,0.0,KIWOOM DRX
542279,233499,HYUNMIN,KRX,waylay,1.0,0.0,0.0,0.0,0.0,0.0,0.0,0.0,0.0,51.0,0.0,0.0,KIWOOM DRX
542279,233499,Flashback,KRX,yoru,2.0,0.0,0.0,0.0,0.0,0.0,0.0,0.0,0.0,34.0,0.0,0.0,KIWOOM DRX
542279,233500,crashies,FNC,sova,4.0,0.0,1.0,0.0,0.0,0.0,0.0,0.0,0.0,65.0,2.0,0.0,FNATIC
542279,233500,Boaster,FNC,omen,0.0,1.0,0.0,0.0,0.0,0.0,0.0,0.0,0.0,29.0,5.0,0.0,FNATIC
542279,233500,Chronicle,FNC,viper,3.0,1.0,0.0,0.0,0.0,0.0,0.0,0.0,0.0,54.0,1.0,1.0,FNATIC
542279,233500,kaajak,FNC,yoru,6.0,1.0,0.0,0.0,1.0,0.0,0.0,0.0,0.0,57.0,0.0,1.0,FNATIC
542279,233500,Alfajer,FNC,killjoy,2.0,1.0,0.0,0.0,0.0,0.0,0.0,0.0,0.0,48.0,0.0,1.0,FNATIC
542279,233500,free1ng,KRX,cypher,0.0,0.0,0.0,0.0,0.0,0.0,0.0,0.0,0.0,34.0,0.0,0.0,KIWOOM DRX
542279,233500,MaKo,KRX,omen,2.0,1.0,1.0,0.0,0.0,0.0,0.0,0.0,0.0,46.0,2.0,0.0,KIWOOM DRX
542279,233500,BeYN,KRX,sova,4.0,1.0,0.0,0.0,0.0,0.0,0.0,0.0,0.0,77.0,6.0,0.0,KIWOOM DRX
542279,233500,HYUNMIN,KRX,waylay,2.0,1.0,0.0,0.0,0.0,0.0,0.0,0.0,0.0,43.0,1.0,0.0,KIWOOM DRX
542279,233500,Flashback,KRX,yoru,4.0,1.0,0.0,0.0,0.0,0.0,0.0,0.0,0.0,43.0,0.0,0.0,KIWOOM DRX
542279,233501,crashies,FNC,fade,3.0,0.0,0.0,0.0,0.0,0.0,0.0,0.0,0.0,58.0,3.0,1.0,FNATIC
542279,233501,Boaster,FNC,astra,1.0,1.0,0.0,0.0,1.0,0.0,0.0,0.0,0.0,51.0,3.0,0.0,FNATIC
542279,233501,Chronicle,FNC,viper,2.0,1.0,1.0,0.0,0.0,0.0,0.0,0.0,0.0,101.0,2.0,0.0,FNATIC
542279,233501,kaajak,FNC,yoru,3.0,2.0,0.0,0.0,0.0,0.0,0.0,0.0,0.0,71.0,1.0,0.0,FNATIC
542279,233501,Alfajer,FNC,tejo,1.0,0.0,0.0,0.0,0.0,0.0,0.0,0.0,0.0,31.0,1.0,0.0,FNATIC
542279,233501,free1ng,KRX,viper,1.0,1.0,0.0,0.0,0.0,0.0,0.0,0.0,0.0,36.0,0.0,0.0,KIWOOM DRX
542279,233501,MaKo,KRX,brimstone,3.0,1.0,0.0,0.0,0.0,0.0,0.0,0.0,0.0,43.0,1.0,0.0,KIWOOM DRX
542279,233501,BeYN,KRX,fade,1.0,0.0,0.0,0.0,0.0,0.0,0.0,0.0,0.0,45.0,2.0,0.0,KIWOOM DRX
542279,233501,HYUNMIN,KRX,waylay,1.0,0.0,0.0,1.0,0.0,0.0,0.0,0.0,0.0,39.0,0.0,0.0,KIWOOM DRX
542279,233501,Flashback,KRX,yoru,0.0,0.0,0.0,0.0,0.0,0.0,0.0,0.0,0.0,34.0,0.0,0.0,KIWOOM DRX
