match_id,game_id,tag,pistol_won,eco,eco_won,semi_eco,semi_eco_won,semi_buy,semi_buy_won,full_buy,full_buy_won,team
644709,258339,FNC,1.0,3.0,1.0,1.0,0.0,4.0,2.0,18.0,11.0,FNATIC
644709,258339,EF,1.0,3.0,1.0,2.0,0.0,3.0,2.0,18.0,9.0,Eternal Fire
644709,258340,FNC,2.0,2.0,2.0,1.0,0.0,5.0,3.0,24.0,10.0,FNATIC
644709,258340,EF,0.0,3.0,0.0,4.0,1.0,2.0,0.0,23.0,16.0,Eternal Fire
644709,258341,FNC,2.0,2.0,2.0,0.0,0.0,3.0,3.0,10.0,8.0,FNATIC
644709,258341,EF,0.0,2.0,0.0,4.0,0.0,4.0,0.0,5.0,2.0,Eternal Fire
644710,258342,TL,2.0,2.0,2.0,2.0,1.0,7.0,5.0,12.0,5.0,Team Liquid
644710,258342,KC,0.0,4.0,0.0,0.0,0.0,6.0,5.0,13.0,5.0,Karmine Corp
644710,258343,TL,2.0,2.0,2.0,1.0,0.0,6.0,4.0,11.0,7.0,Team Liquid
644710,258343,KC,0.0,3.0,0.0,1.0,0.0,7.0,4.0,9.0,3.0,Karmine Corp
644711,258345,VIT,1.0,3.0,1.0,0.0,0.0,5.0,3.0,13.0,9.0,Team Vitality
644711,258345,GX,1.0,3.0,1.0,0.0,0.0,6.0,2.0,12.0,5.0,GIANTX
644711,258346,VIT,1.0,3.0,2.0,0.0,0.0,5.0,4.0,8.0,7.0,Team Vitality
644711,258346,GX,1.0,3.0,1.0,2.0,1.0,7.0,0.0,4.0,1.0,GIANTX
644712,258348,M8,1.0,3.0,1.0,2.0,0.0,5.0,3.0,13.0,9.0,Gentle Mates
644712,258348,FUT,1.0,3.0,1.0,2.0,0.0,2.0,2.0,16.0,7.0,FUT Esports
644712,258349,M8,1.0,3.0,1.0,1.0,0.0,5.0,1.0,12.0,6.0,Gentle Mates
644712,258349,FUT,1.0,3.0,1.0,1.0,0.0,4.0,3.0,13.0,9.0,FUT Esports
644712,258350,M8,0.0,4.0,0.0,2.0,0.0,2.0,1.0,11.0,5.0,Gentle Mates
644712,258350,FUT,2.0,2.0,2.0,1.0,1.0,6.0,3.0,10.0,7.0,FUT Esports
644713,258351,TH,1.0,3.0,1.0,0.0,0.0,5.0,3.0,14.0,9.0,Team Heretics
644713,258351,NAVI,1.0,3.0,1.0,2.0,0.0,4.0,2.0,13.0,6.0,Natus Vincere
644713,258352,TH,0.0,3.0,0.0,1.0,0.0,6.0,2.0,12.0,7.0,Team Heretics
644713,258352,NAVI,2.0,2.0,2.0,2.0,0.0,7.0,3.0,11.0,8.0,Natus Vincere
644713,258353,TH,1.0,3.0,2.0,3.0,1.0,3.0,1.0,13.0,5.0,Team Heretics
644713,258353,NAVI,1.0,3.0,1.0,2.0,0.0,3.0,1.0,14.0,11.0,Natus Vincere
644714,258354,BBL,1.0,3.0,1.0,1.0,0.0,5.0,4.0,15.0,8.0,BBL Esports
644714,258354,PCF,1.0,3.0,1.0,2.0,1.0,7.0,4.0,12.0,5.0,PCIFIC Esports
644714,258355,BBL,0.0,3.0,0.0,1.0,0.0,4.0,3.0,13.0,10.0,BBL Esports
644714,258355,PCF,2.0,3.0,2.0,0.0,0.0,7.0,4.0,11.0,2.0,PCIFIC Esports
644716,258357,PCF,0.0,4.0,0.0,0.0,0.0,2.0,2.0,15.0,6.0,PCIFIC Esports
644716,258357,GX,2.0,2.0,2.0,1.0,0.0,6.0,3.0,12.0,8.0,GIANTX
644716,258358,PCF,0.0,4.0,0.0,1.0,0.0,5.0,1.0,16.0,13.0,PCIFIC Esports
644716,258358,GX,2.0,2.0,2.0,1.0,1.0,11.0,3.0,12.0,6.0,GIANTX
644716,258359,PCF,0.0,4.0,1.0,1.0,0.0,3.0,2.0,15.0,7.0,PCIFIC Esports
644716,258359,GX,2.0,2.0,2.0,2.0,0.0,4.0,3.0,15.0,8.0,GIANTX
644717,258360,BBL,1.0,3.0,1.0,1.0,1.0,9.0,3.0,6.0,1.0,BBL Esports
644717,258360,EF,1.0,3.0,1.0,0.0,0.0,3.0,2.0,13.0,10.0,Eternal Fire
644717,258361,BBL,1.0,3.0,1.0,0.0,0.0,7.0,1.0,13.0,8.0,BBL Esports
644717,258361,EF,1.0,3.0,1.0,1.0,0.0,5.0,3.0,14.0,9.0,Eternal Fire
644718,258363,FNC,2.0,2.0,2.0,2.0,1.0,10.0,6.0,10.0,4.0,FNATIC
644718,258363,VIT,0.0,4.0,0.0,1.0,0.0,2.0,1.0,17.0,10.0,Team Vitality
644718,258364,FNC,2.0,3.0,2.0,4.0,2.0,5.0,1.0,11.0,8.0,FNATIC
644718,258364,VIT,0.0,3.0,1.0,2.0,0.0,6.0,6.0,12.0,3.0,Team Vitality
644719,258366,TL,1.0,3.0,2.0,2.0,1.0,3.0,2.0,15.0,8.0,Team Liquid
644719,258366,TH,1.0,5.0,1.0,1.0,0.0,5.0,3.0,12.0,6.0,Team Heretics
644719,258367,TL,2.0,2.0,2.0,0.0,0.0,4.0,2.0,15.0,9.0,Team Liquid
644719,258367,TH,0.0,5.0,1.0,1.0,0.0,3.0,0.0,12.0,7.0,Team Heretics
644720,258369,FUT,0.0,5.0,2.0,0.0,0.0,5.0,1.0,12.0,6.0,FUT Esports
644720,258369,NAVI,2.0,2.0,2.0,2.0,1.0,4.0,1.0,14.0,9.0,Natus Vincere
644720,258370,FUT,1.0,3.0,1.0,2.0,1.0,3.0,2.0,14.0,9.0,FUT Esports
644720,258370,NAVI,1.0,3.0,1.0,0.0,0.0,6.0,4.0,13.0,4.0,Natus Vincere
644720,258371,FUT,1.0,3.0,1.0,0.0,0.0,2.0,2.0,14.0,10.0,FUT Esports
644720,258371,NAVI,1.0,3.0,1.0,1.0,0.0,7.0,3.0,8.0,2.0,Natus Vincere
644721,258372,M8,2.0,3.0,2.0,1.0,0.0,5.0,4.0,13.0,7.0,Gentle Mates
644721,258372,KC,0.0,4.0,0.0,1.0,0.0,3.0,2.0,14.0,7.0,Karmine Corp
644721,258373,M8,0.0,4.0,0.0,2.0,0.0,1.0,0.0,15.0,9.0,Gentle Mates
644721,258373,KC,2.0,2.0,2.0,2.0,1.0,5.0,2.0,13.0,8.0,Karmine Corp
644721,258374,M8,0.0,4.0,1.0,0.0,0.0,1.0,1.0,17.0,11.0,Gentle Mates
644721,258374,KC,2.0,2.0,2.0,3.0,0.0,11.0,4.0,6.0,3.0,Karmine Corp
644722,258375,BBL,1.0,3.0,1.0,0.0,0.0,9.0,6.0,12.0,4.0,BBL Esports
644722,258375,GX,1.0,3.0,1.0,1.0,0.0,2.0,1.0,18.0,11.0,GIANTX
644722,258376,BBL,0.0,4.0,1.0,0.0,0.0,3.0,2.0,13.0,10.0,BBL Esports
644722,258376,GX,2.0,2.0,2.0,1.0,1.0,10.0,2.0,7.0,2.0,GIANTX
644722,264326,BBL,1.0,3.0,1.0,1.0,0.0,9.0,4.0,9.0,4.0,BBL Esports
644722,264326,GX,1.0,3.0,1.0,2.0,0.0,2.0,1.0,15.0,11.0,GIANTX
644723,258378,M8,1.0,3.0,1.0,1.0,0.0,5.0,2.0,14.0,10.0,Gentle Mates
644723,258378,NAVI,1.0,3.0,1.0,1.0,0.0,6.0,1.0,13.0,8.0,Natus Vincere
644723,258379,M8,1.0,2.0,1.0,1.0,0.0,8.0,5.0,10.0,7.0,Gentle Mates
644723,258379,NAVI,1.0,3.0,1.0,1.0,0.0,6.0,3.0,11.0,4.0,Natus Vincere
644724,258381,EF,2.0,2.0,2.0,2.0,0.0,5.0,3.0,15.0,8.0,Eternal Fire
644724,258381,VIT,0.0,4.0,0.0,0.0,0.0,6.0,2.0,14.0,9.0,Team Vitality
644724,258382,EF,1.0,4.0,1.0,1.0,1.0,3.0,2.0,11.0,9.0,Eternal Fire
644724,258382,VIT,1.0,3.0,1.0,1.0,0.0,6.0,2.0,9.0,3.0,Team Vitality
644725,258384,KC,1.0,3.0,1.0,1.0,1.0,3.0,2.0,12.0,9.0,Karmine Corp
644725,258384,TH,1.0,3.0,1.0,3.0,2.0,6.0,1.0,7.0,2.0,Team Heretics
644725,258385,KC,0.0,3.0,0.0,2.0,0.0,6.0,1.0,4.0,1.0,Karmine Corp
644725,258385,TH,2.0,2.0,2.0,0.0,0.0,4.0,3.0,9.0,8.0,Team Heretics
644725,258386,KC,1.0,3.0,1.0,2.0,1.0,6.0,3.0,9.0,2.0,Karmine Corp
644725,258386,TH,1.0,3.0,1.0,1.0,0.0,3.0,3.0,13.0,9.0,Team Heretics
644726,258387,FUT,0.0,4.0,0.0,2.0,0.0,1.0,0.0,15.0,13.0,FUT Esports
644726,258387,TL,2.0,2.0,2.0,0.0,0.0,9.0,4.0,11.0,3.0,Team Liquid
644726,258388,FUT,1.0,3.0,2.0,2.0,0.0,3.0,1.0,20.0,12.0,FUT Esports
644726,258388,TL,1.0,3.0,1.0,2.0,1.0,4.0,1.0,19.0,10.0,Team Liquid
644727,258390,PCF,1.0,3.0,1.0,0.0,0.0,6.0,2.0,15.0,8.0,PCIFIC Esports
644727,258390,FNC,1.0,3.0,1.0,1.0,0.0,4.0,3.0,16.0,9.0,FNATIC
644727,258391,PCF,1.0,3.0,1.0,2.0,0.0,8.0,2.0,4.0,1.0,PCIFIC Esports
644727,258391,FNC,1.0,3.0,1.0,0.0,0.0,2.0,2.0,12.0,10.0,FNATIC
644728,258393,EF,2.0,3.0,2.0,1.0,0.0,6.0,2.0,12.0,5.0,Eternal Fire
644728,258393,PCF,0.0,5.0,1.0,0.0,0.0,0.0,0.0,17.0,12.0,PCIFIC Esports
644728,258394,EF,2.0,3.0,2.0,0.0,0.0,6.0,3.0,15.0,8.0,Eternal Fire
644728,258394,PCF,0.0,5.0,1.0,1.0,0.0,2.0,1.0,16.0,9.0,PCIFIC Esports
644728,258395,EF,1.0,3.0,1.0,3.0,0.0,3.0,2.0,15.0,10.0,Eternal Fire
644728,258395,PCF,1.0,5.0,1.0,0.0,0.0,8.0,3.0,11.0,7.0,PCIFIC Esports
644729,258396,NAVI,1.0,3.0,1.0,1.0,1.0,6.0,1.0,12.0,6.0,Natus Vincere
644729,258396,TL,1.0,3.0,1.0,0.0,0.0,2.0,2.0,17.0,10.0,Team Liquid
644729,258397,NAVI,2.0,2.0,2.0,2.0,0.0,4.0,3.0,14.0,8.0,Natus Vincere
644729,258397,TL,0.0,4.0,0.0,2.0,0.0,2.0,1.0,14.0,8.0,Team Liquid
644729,258398,NAVI,0.0,4.0,0.0,1.0,0.0,2.0,1.0,13.0,6.0,Natus Vincere
644729,258398,TL,2.0,2.0,2.0,1.0,0.0,5.0,2.0,12.0,9.0,Team Liquid
644730,258399,GX,2.0,2.0,2.0,0.0,0.0,4.0,3.0,10.0,8.0,GIANTX
644730,258399,FNC,0.0,3.0,0.0,2.0,0.0,7.0,3.0,4.0,0.0,FNATIC
644730,258400,GX,1.0,3.0,1.0,1.0,1.0,7.0,2.0,9.0,3.0,GIANTX
644730,258400,FNC,1.0,3.0,1.0,1.0,0.0,2.0,2.0,14.0,10.0,FNATIC
644730,258401,GX,2.0,4.0,3.0,1.0,0.0,9.0,2.0,8.0,4.0,GIANTX
644730,258401,FNC,0.0,4.0,1.0,0.0,0.0,4.0,2.0,14.0,10.0,FNATIC
644731,258402,KC,1.0,3.0,1.0,0.0,0.0,5.0,5.0,14.0,7.0,Karmine Corp
644731,258402,FUT,1.0,3.0,1.0,2.0,1.0,6.0,3.0,11.0,4.0,FUT Esports
644731,258403,KC,0.0,4.0,0.0,1.0,0.0,2.0,1.0,16.0,9.0,Karmine Corp
644731,258403,FUT,2.0,2.0,2.0,2.0,1.0,6.0,2.0,13.0,8.0,FUT Esports
644731,258404,KC,1.0,3.0,1.0,1.0,0.0,4.0,1.0,13.0,6.0,Karmine Corp
644731,258404,FUT,1.0,3.0,1.0,0.0,0.0,1.0,1.0,17.0,11.0,FUT Esports
644732,258405,M8,0.0,4.0,0.0,2.0,0.0,2.0,1.0,9.0,3.0,Gentle Mates
644732,258405,TH,2.0,2.0,2.0,0.0,0.0,6.0,5.0,9.0,6.0,Team Heretics
644732,258406,M8,1.0,3.0,1.0,2.0,0.0,5.0,3.0,13.0,6.0,Gentle Mates
644732,258406,TH,1.0,3.0,1.0,1.0,1.0,3.0,1.0,16.0,10.0,Team Heretics
644733,258408,BBL,1.0,3.0,1.0,2.0,0.0,5.0,2.0,11.0,5.0,BBL Esports
644733,258408,VIT,1.0,3.0,1.0,0.0,0.0,1.0,1.0,17.0,11.0,Team Vitality
644733,258409,BBL,1.0,3.0,1.0,1.0,0.0,4.0,1.0,15.0,11.0,BBL Esports
644733,258409,VIT,1.0,3.0,1.0,0.0,0.0,9.0,4.0,11.0,5.0,Team Vitality
644733,258410,BBL,1.0,3.0,1.0,1.0,0.0,1.0,1.0,13.0,11.0,BBL Esports
644733,258410,VIT,1.0,3.0,1.0,1.0,0.0,6.0,2.0,8.0,2.0,Team Vitality
644734,258411,TH,1.0,3.0,1.0,3.0,2.0,4.0,3.0,14.0,7.0,Team Heretics
644734,258411,FUT,1.0,3.0,1.0,2.0,0.0,6.0,4.0,13.0,6.0,FUT Esports
644734,258412,TH,1.0,3.0,2.0,0.0,0.0,3.0,3.0,9.0,8.0,Team Heretics
644734,258412,FUT,1.0,3.0,1.0,0.0,0.0,7.0,1.0,5.0,0.0,FUT Esports
644735,258414,VIT,1.0,3.0,2.0,1.0,0.0,3.0,1.0,15.0,10.0,Team Vitality
644735,258414,PCF,1.0,4.0,1.0,1.0,0.0,2.0,0.0,15.0,8.0,PCIFIC Esports
644735,258415,VIT,2.0,2.0,2.0,0.0,0.0,2.0,2.0,9.0,9.0,Team Vitality
644735,258415,PCF,0.0,4.0,0.0,2.0,0.0,2.0,0.0,5.0,0.0,PCIFIC Esports
644736,258417,NAVI,0.0,3.0,0.0,3.0,1.0,2.0,2.0,14.0,10.0,Natus Vincere
644736,258417,KC,2.0,3.0,2.0,1.0,0.0,9.0,4.0,9.0,3.0,Karmine Corp
644736,258418,NAVI,1.0,3.0,1.0,1.0,0.0,3.0,2.0,15.0,10.0,Natus Vincere
644736,258418,KC,1.0,3.0,1.0,2.0,0.0,7.0,2.0,10.0,6.0,Karmine Corp
644737,258420,BBL,0.0,4.0,0.0,2.0,0.0,5.0,2.0,5.0,1.0,BBL Esports
644737,258420,FNC,2.0,2.0,2.0,0.0,0.0,4.0,3.0,10.0,8.0,FNATIC
644737,258421,BBL,0.0,4.0,0.0,2.0,0.0,5.0,2.0,7.0,3.0,BBL Esports
644737,258421,FNC,2.0,2.0,2.0,0.0,0.0,5.0,4.0,11.0,7.0,FNATIC
644738,258423,GX,1.0,3.0,1.0,0.0,0.0,6.0,2.0,15.0,8.0,GIANTX
644738,258423,EF,1.0,3.0,1.0,1.0,0.0,7.0,5.0,13.0,7.0,Eternal Fire
644738,258424,GX,2.0,2.0,2.0,3.0,0.0,5.0,3.0,13.0,5.0,GIANTX
644738,258424,EF,0.0,4.0,1.0,1.0,0.0,3.0,2.0,15.0,10.0,Eternal Fire
644739,258426,M8,1.0,3.0,2.0,2.0,0.0,4.0,2.0,12.0,4.0,Gentle Mates
644739,258426,TL,1.0,4.0,1.0,0.0,0.0,4.0,2.0,13.0,10.0,Team Liquid
644739,258427,M8,1.0,3.0,1.0,2.0,1.0,6.0,4.0,11.0,3.0,Gentle Mates
644739,258427,TL,1.0,3.0,1.0,1.0,0.0,3.0,1.0,15.0,11.0,Team Liquid
660381,265462,EF,2.0,2.0,2.0,4.0,0.0,5.0,2.0,9.0,3.0,Eternal Fire
660381,265462,TH,0.0,4.0,0.0,0.0,0.0,2.0,2.0,14.0,11.0,Team Heretics
660381,265463,EF,1.0,3.0,1.0,0.0,0.0,6.0,4.0,12.0,8.0,Eternal Fire
660381,265463,TH,1.0,3.0,1.0,3.0,0.0,7.0,5.0,8.0,2.0,Team Heretics
660381,265464,EF,2.0,2.0,2.0,0.0,0.0,5.0,5.0,11.0,6.0,Eternal Fire
660381,265464,TH,0.0,4.0,0.0,1.0,0.0,4.0,1.0,9.0,4.0,Team Heretics
660382,265465,TL,1.0,2.0,1.0,2.0,0.0,8.0,2.0,4.0,0.0,Team Liquid
660382,265465,VIT,1.0,3.0,1.0,0.0,0.0,4.0,3.0,9.0,9.0,Team Vitality
660382,265466,TL,1.0,3.0,1.0,2.0,0.0,5.0,2.0,14.0,10.0,Team Liquid
660382,265466,VIT,1.0,3.0,2.0,0.0,0.0,5.0,3.0,16.0,6.0,Team Vitality
660382,265467,TL,1.0,4.0,1.0,1.0,0.0,9.0,5.0,9.0,4.0,Team Liquid
660382,265467,VIT,1.0,3.0,1.0,0.0,0.0,5.0,4.0,15.0,8.0,Team Vitality
660383,265468,FUT,0.0,4.0,0.0,1.0,1.0,3.0,1.0,10.0,3.0,FUT Esports
660383,265468,EF,2.0,2.0,2.0,2.0,1.0,5.0,4.0,9.0,6.0,Eternal Fire
660383,265469,FUT,2.0,2.0,2.0,0.0,0.0,4.0,4.0,11.0,7.0,FUT Esports
660383,265469,EF,0.0,4.0,0.0,0.0,0.0,5.0,2.0,8.0,2.0,Eternal Fire
660383,265470,FUT,2.0,2.0,2.0,2.0,1.0,6.0,2.0,14.0,8.0,FUT Esports
660383,265470,EF,0.0,4.0,0.0,1.0,0.0,3.0,0.0,16.0,11.0,Eternal Fire
660384,265471,FNC,0.0,4.0,0.0,1.0,0.0,6.0,2.0,6.0,2.0,FNATIC
660384,265471,VIT,2.0,2.0,2.0,0.0,0.0,4.0,3.0,11.0,8.0,Team Vitality
660384,265472,FNC,1.0,4.0,2.0,3.0,1.0,6.0,3.0,15.0,7.0,FNATIC
660384,265472,VIT,1.0,3.0,1.0,2.0,1.0,2.0,1.0,21.0,12.0,Team Vitality
660385,265474,FUT,2.0,2.0,2.0,3.0,0.0,5.0,3.0,22.0,10.0,FUT Esports
660385,265474,VIT,0.0,4.0,0.0,1.0,0.0,11.0,9.0,16.0,8.0,Team Vitality
660385,265475,FUT,0.0,4.0,1.0,0.0,0.0,1.0,1.0,16.0,11.0,FUT Esports
660385,265475,VIT,2.0,2.0,2.0,3.0,2.0,6.0,2.0,10.0,2.0,Team Vitality
660385,265476,FUT,1.0,3.0,1.0,1.0,0.0,3.0,2.0,19.0,9.0,FUT Esports
660385,265476,VIT,1.0,3.0,1.0,1.0,0.0,5.0,3.0,17.0,10.0,Team Vitality
660386,265477,VIT,1.0,3.0,1.0,2.0,1.0,3.0,1.0,15.0,10.0,Team Vitality
660386,265477,TH,1.0,3.0,1.0,0.0,0.0,4.0,2.0,16.0,7.0,Team Heretics
660386,265478,VIT,1.0,4.0,1.0,0.0,0.0,3.0,2.0,21.0,10.0,Team Vitality
660386,265478,TH,1.0,3.0,2.0,1.0,0.0,8.0,6.0,16.0,7.0,Team Heretics
660386,265480,VIT,1.0,3.0,1.0,0.0,0.0,2.0,2.0,19.0,8.0,Team Vitality
660386,265480,TH,1.0,3.0,1.0,1.0,0.0,7.0,5.0,13.0,7.0,Team Heretics
660386,265481,VIT,1.0,2.0,1.0,3.0,1.0,7.0,3.0,16.0,8.0,Team Vitality
660386,265481,TH,1.0,3.0,2.0,2.0,2.0,6.0,2.0,17.0,9.0,Team Heretics
660386,269000,VIT,1.0,3.0,1.0,1.0,1.0,4.0,3.0,12.0,8.0,Team Vitality
660386,269000,TH,1.0,3.0,1.0,1.0,0.0,7.0,3.0,9.0,3.0,Team Heretics
660387,265482,TH,1.0,3.0,2.0,0.0,0.0,1.0,1.0,13.0,10.0,Team Heretics
660387,265482,BBL,1.0,3.0,1.0,0.0,0.0,10.0,2.0,4.0,1.0,BBL Esports
660387,265483,TH,1.0,3.0,1.0,2.0,0.0,6.0,4.0,15.0,9.0,Team Heretics
660387,265483,BBL,1.0,3.0,1.0,1.0,0.0,4.0,3.0,18.0,8.0,BBL Esports
660388,265485,TL,2.0,2.0,2.0,1.0,1.0,4.0,2.0,10.0,8.0,Team Liquid
660388,265485,M8,0.0,4.0,0.0,3.0,0.0,2.0,0.0,8.0,4.0,Gentle Mates
660388,265486,TL,0.0,4.0,0.0,2.0,1.0,6.0,3.0,11.0,6.0,Team Liquid
660388,265486,M8,2.0,2.0,2.0,0.0,0.0,5.0,3.0,16.0,8.0,Gentle Mates
660388,265487,TL,1.0,3.0,1.0,1.0,0.0,6.0,1.0,5.0,0.0,Team Liquid
660388,265487,M8,1.0,3.0,1.0,0.0,0.0,2.0,2.0,10.0,10.0,Gentle Mates
660389,265488,FNC,0.0,4.0,0.0,1.0,1.0,3.0,2.0,15.0,10.0,FNATIC
660389,265488,TH,2.0,2.0,2.0,0.0,0.0,9.0,3.0,12.0,5.0,Team Heretics
660389,265489,FNC,0.0,3.0,0.0,3.0,0.0,5.0,2.0,4.0,0.0,FNATIC
660389,265489,TH,2.0,2.0,2.0,0.0,0.0,3.0,3.0,10.0,8.0,Team Heretics
660389,265490,FNC,2.0,2.0,2.0,1.0,1.0,9.0,3.0,16.0,7.0,FNATIC
660389,265490,TH,0.0,3.0,0.0,1.0,0.0,4.0,1.0,20.0,14.0,Team Heretics
660390,265491,EF,2.0,2.0,2.0,2.0,1.0,3.0,3.0,11.0,7.0,Eternal Fire
660390,265491,M8,0.0,5.0,0.0,0.0,0.0,4.0,0.0,9.0,5.0,Gentle Mates
660390,265492,EF,1.0,3.0,1.0,1.0,0.0,4.0,1.0,14.0,11.0,Eternal Fire
660390,265492,M8,1.0,3.0,1.0,3.0,0.0,8.0,4.0,8.0,4.0,Gentle Mates
660391,265494,TH,1.0,4.0,1.0,2.0,1.0,3.0,2.0,15.0,7.0,Team Heretics
660391,265494,EF,1.0,3.0,1.0,1.0,0.0,5.0,3.0,15.0,9.0,Eternal Fire
660391,265495,TH,1.0,3.0,1.0,2.0,1.0,5.0,3.0,13.0,8.0,Team Heretics
660391,265495,EF,1.0,3.0,1.0,3.0,1.0,6.0,3.0,11.0,5.0,Eternal Fire
660391,265496,TH,0.0,4.0,1.0,2.0,0.0,1.0,1.0,16.0,11.0,Team Heretics
660391,265496,EF,2.0,3.0,2.0,4.0,2.0,5.0,2.0,11.0,4.0,Eternal Fire
660392,265497,FUT,2.0,2.0,2.0,3.0,0.0,7.0,4.0,16.0,9.0,FUT Esports
660392,265497,TH,0.0,4.0,0.0,0.0,0.0,2.0,0.0,22.0,13.0,Team Heretics
660392,265498,FUT,0.0,4.0,0.0,3.0,1.0,2.0,1.0,8.0,2.0,FUT Esports
660392,265498,TH,2.0,2.0,2.0,0.0,0.0,5.0,5.0,10.0,6.0,Team Heretics
660392,265499,FUT,1.0,3.0,1.0,1.0,0.0,7.0,3.0,8.0,2.0,FUT Esports
660392,265499,TH,1.0,3.0,1.0,0.0,0.0,3.0,3.0,13.0,9.0,Team Heretics
660392,265500,FUT,0.0,3.0,0.0,2.0,1.0,4.0,0.0,5.0,0.0,FUT Esports
660392,265500,TH,2.0,2.0,2.0,0.0,0.0,3.0,3.0,9.0,8.0,Team Heretics
