date,event,region,team_a,team_b,region_a,region_b,score_a,score_b,best_of,rounds_a,rounds_b
2025-01-10,AMER League,AMER,AMER_T1,AMER_T2,AMER,AMER,2,0,3,,
2025-01-10,AMER League,AMER,AMER_T1,AMER_T3,AMER,AMER,1,2,3,,
2025-01-10,AMER League,AMER,AMER_T1,AMER_T4,AMER,AMER,0,2,3,,
2025-01-10,AMER League,AMER,AMER_T1,AMER_T5,AMER,AMER,2,0,3,,
2025-01-10,AMER League,AMER,AMER_T3,AMER_T6,AMER,AMER,2,1,3,,
2025-01-10,AMER League,AMER,AMER_T3,AMER_T7,AMER,AMER,1,2,3,,
2025-01-10,AMER League,AMER,AMER_T5,AMER_T8,AMER,AMER,1,2,3,,
2025-01-10,AMER League,AMER,AMER_T7,AMER_T8,AMER,AMER,1,2,3,,
2025-01-10,EMEA League,EMEA,EMEA_T1,EMEA_T4,EMEA,EMEA,2,1,3,,
2025-01-10,EMEA League,EMEA,EMEA_T2,EMEA_T3,EMEA,EMEA,0,2,3,,
2025-01-10,EMEA League,EMEA,EMEA_T3,EMEA_T5,EMEA,EMEA,0,2,3,,
2025-01-10,EMEA League,EMEA,EMEA_T3,EMEA_T6,EMEA,EMEA,2,0,3,,
2025-01-10,EMEA League,EMEA,EMEA_T5,EMEA_T6,EMEA,EMEA,2,0,3,,
2025-01-10,PAC League,PAC,PAC_T1,PAC_T5,PAC,PAC,2,0,3,,
2025-01-10,PAC League,PAC,PAC_T1,PAC_T7,PAC,PAC,2,1,3,,
2025-01-10,PAC League,PAC,PAC_T1,PAC_T8,PAC,PAC,2,0,3,,
2025-01-10,PAC League,PAC,PAC_T2,PAC_T3,PAC,PAC,2,0,3,,
2025-01-10,PAC League,PAC,PAC_T2,PAC_T7,PAC,PAC,2,0,3,,
2025-01-10,PAC League,PAC,PAC_T2,PAC_T8,PAC,PAC,2,1,3,,
2025-01-10,PAC League,PAC,PAC_T3,PAC_T4,PAC,PAC,0,2,3,,
2025-01-10,PAC League,PAC,PAC_T3,PAC_T5,PAC,PAC,2,0,3,,
2025-01-10,PAC League,PAC,PAC_T3,PAC_T7,PAC,PAC,0,2,3,,
2025-01-10,PAC League,PAC,PAC_T4,PAC_T5,PAC,PAC,0,2,3,,
2025-01-10,PAC League,PAC,PAC_T4,PAC_T7,PAC,PAC,0,2,3,,
2025-01-10,PAC League,PAC,PAC_T5,PAC_T8,PAC,PAC,1,2,3,,
2025-01-10,CN League,CN,CN_T1,CN_T6,CN,CN,1,2,3,,
2025-01-10,CN League,CN,CN_T2,CN_T3,CN,CN,0,2,3,,
2025-01-10,CN League,CN,CN_T2,CN_T8,CN,CN,2,1,3,,
2025-01-10,CN League,CN,CN_T3,CN_T4,CN,CN,2,1,3,,
2025-01-10,CN League,CN,CN_T3,CN_T8,CN,CN,2,0,3,,
2025-01-10,CN League,CN,CN_T4,CN_T8,CN,CN,0,2,3,,
2025-01-17,AMER League,AMER,AMER_T1,AMER_T2,AMER,AMER,2,1,3,,
2025-01-17,AMER League,AMER,AMER_T1,AMER_T4,AMER,AMER,1,2,3,,
2025-01-17,AMER League,AMER,AMER_T2,AMER_T6,AMER,AMER,2,0,3,,
2025-01-17,AMER League,AMER,AMER_T2,AMER_T7,AMER,AMER,1,2,3,,
2025-01-17,AMER League,AMER,AMER_T4,AMER_T5,AMER,AMER,2,0,3,,
2025-01-17,AMER League,AMER,AMER_T6,AMER_T8,AMER,AMER,2,1,3,,
2025-01-17,EMEA League,EMEA,EMEA_T1,EMEA_T2,EMEA,EMEA,2,1,3,,
2025-01-17,EMEA League,EMEA,EMEA_T1,EMEA_T3,EMEA,EMEA,2,0,3,,
2025-01-17,EMEA League,EMEA,EMEA_T1,EMEA_T5,EMEA,EMEA,1,2,3,,
2025-01-17,EMEA League,EMEA,EMEA_T2,EMEA_T4,EMEA,EMEA,2,1,3,,
2025-01-17,EMEA League,EMEA,EMEA_T3,EMEA_T5,EMEA,EMEA,0,2,3,,
2025-01-17,EMEA League,EMEA,EMEA_T3,EMEA_T7,EMEA,EMEA,2,0,3,,
2025-01-17,EMEA League,EMEA,EMEA_T5,EMEA_T8,EMEA,EMEA,2,0,3,,
2025-01-17,PAC League,PAC,PAC_T3,PAC_T4,PAC,PAC,2,0,3,,
2025-01-17,PAC League,PAC,PAC_T3,PAC_T5,PAC,PAC,2,1,3,,
2025-01-17,PAC League,PAC,PAC_T4,PAC_T7,PAC,PAC,0,2,3,,
2025-01-17,PAC League,PAC,PAC_T4,PAC_T8,PAC,PAC,1,2,3,,
2025-01-17,PAC League,PAC,PAC_T6,PAC_T7,PAC,PAC,0,2,3,,
2025-01-17,CN League,CN,CN_T1,CN_T2,CN,CN,2,1,3,,
2025-01-17,CN League,CN,CN_T2,CN_T3,CN,CN,2,0,3,,
2025-01-17,CN League,CN,CN_T2,CN_T7,CN,CN,0,2,3,,
2025-01-17,CN League,CN,CN_T4,CN_T6,CN,CN,1,2,3,,
2025-01-17,CN League,CN,CN_T4,CN_T7,CN,CN,2,0,3,,
2025-01-17,CN League,CN,CN_T4,CN_T8,CN,CN,2,1,3,,
2025-01-17,CN League,CN,CN_T5,CN_T8,CN,CN,1,2,3,,
2025-01-24,AMER League,AMER,AMER_T1,AMER_T3,AMER,AMER,2,0,3,,
2025-01-24,AMER League,AMER,AMER_T1,AMER_T4,AMER,AMER,2,0,3,,
2025-01-24,AMER League,AMER,AMER_T2,AMER_T3,AMER,AMER,2,0,3,,
2025-01-24,AMER League,AMER,AMER_T2,AMER_T5,AMER,AMER,0,2,3,,
2025-01-24,AMER League,AMER,AMER_T4,AMER_T8,AMER,AMER,2,0,3,,
2025-01-24,AMER League,AMER,AMER_T5,AMER_T8,AMER,AMER,0,2,3,,
2025-01-24,AMER League,AMER,AMER_T7,AMER_T8,AMER,AMER,1,2,3,,
2025-01-24,EMEA League,EMEA,EMEA_T1,EMEA_T7,EMEA,EMEA,0,2,3,,
2025-01-24,EMEA League,EMEA,EMEA_T3,EMEA_T5,EMEA,EMEA,2,0,3,,
2025-01-24,EMEA League,EMEA,EMEA_T3,EMEA_T8,EMEA,EMEA,2,1,3,,
2025-01-24,EMEA League,EMEA,EMEA_T4,EMEA_T6,EMEA,EMEA,2,1,3,,
2025-01-24,EMEA League,EMEA,EMEA_T4,EMEA_T8,EMEA,EMEA,0,2,3,,
2025-01-24,EMEA League,EMEA,EMEA_T5,EMEA_T7,EMEA,EMEA,2,0,3,,
2025-01-24,PAC League,PAC,PAC_T2,PAC_T6,PAC,PAC,1,2,3,,
2025-01-24,PAC League,PAC,PAC_T3,PAC_T6,PAC,PAC,2,1,3,,
2025-01-24,PAC League,PAC,PAC_T4,PAC_T6,PAC,PAC,2,0,3,,
2025-01-24,PAC League,PAC,PAC_T7,PAC_T8,PAC,PAC,2,0,3,,
2025-01-24,CN League,CN,CN_T2,CN_T7,CN,CN,2,1,3,,
2025-01-24,CN League,CN,CN_T2,CN_T8,CN,CN,2,0,3,,
2025-01-31,AMER League,AMER,AMER_T2,AMER_T6,AMER,AMER,2,1,3,,
2025-01-31,AMER League,AMER,AMER_T2,AMER_T7,AMER,AMER,2,0,3,,
2025-01-31,AMER League,AMER,AMER_T3,AMER_T6,AMER,AMER,0,2,3,,
2025-01-31,AMER League,AMER,AMER_T4,AMER_T7,AMER,AMER,2,1,3,,
2025-01-31,AMER League,AMER,AMER_T4,AMER_T8,AMER,AMER,2,1,3,,
2025-01-31,AMER League,AMER,AMER_T5,AMER_T8,AMER,AMER,0,2,3,,
2025-01-31,EMEA League,EMEA,EMEA_T1,EMEA_T2,EMEA,EMEA,1,2,3,,
2025-01-31,EMEA League,EMEA,EMEA_T1,EMEA_T5,EMEA,EMEA,0,2,3,,
2025-01-31,EMEA League,EMEA,EMEA_T1,EMEA_T7,EMEA,EMEA,2,1,3,,
2025-01-31,EMEA League,EMEA,EMEA_T2,EMEA_T5,EMEA,EMEA,1,2,3,,
2025-01-31,EMEA League,EMEA,EMEA_T3,EMEA_T7,EMEA,EMEA,2,0,3,,
2025-01-31,EMEA League,EMEA,EMEA_T4,EMEA_T6,EMEA,EMEA,0,2,3,,
2025-01-31,EMEA League,EMEA,EMEA_T4,EMEA_T8,EMEA,EMEA,0,2,3,,
2025-01-31,EMEA League,EMEA,EMEA_T5,EMEA_T6,EMEA,EMEA,2,0,3,,
2025-01-31,EMEA League,EMEA,EMEA_T6,EMEA_T7,EMEA,EMEA,1,2,3,,
2025-01-31,PAC League,PAC,PAC_T1,PAC_T4,PAC,PAC,2,1,3,,
2025-01-31,PAC League,PAC,PAC_T1,PAC_T7,PAC,PAC,1,2,3,,
2025-01-31,PAC League,PAC,PAC_T2,PAC_T3,PAC,PAC,2,0,3,,
2025-01-31,PAC League,PAC,PAC_T2,PAC_T7,PAC,PAC,0,2,3,,
2025-01-31,PAC League,PAC,PAC_T4,PAC_T6,PAC,PAC,2,1,3,,
2025-01-31,PAC League,PAC,PAC_T4,PAC_T8,PAC,PAC,2,0,3,,
2025-01-31,PAC League,PAC,PAC_T6,PAC_T7,PAC,PAC,2,1,3,,
2025-01-31,PAC League,PAC,PAC_T7,PAC_T8,PAC,PAC,2,0,3,,
2025-01-31,CN League,CN,CN_T2,CN_T5,CN,CN,2,1,3,,
2025-01-31,CN League,CN,CN_T3,CN_T5,CN,CN,2,0,3,,
2025-01-31,CN League,CN,CN_T3,CN_T6,CN,CN,1,2,3,,
2025-01-31,CN League,CN,CN_T5,CN_T6,CN,CN,0,2,3,,
2025-01-31,CN League,CN,CN_T5,CN_T8,CN,CN,1,2,3,,
2025-01-31,CN League,CN,CN_T7,CN_T8,CN,CN,0,2,3,,
2025-02-07,AMER League,AMER,AMER_T1,AMER_T2,AMER,AMER,1,2,3,,
2025-02-07,AMER League,AMER,AMER_T1,AMER_T3,AMER,AMER,2,0,3,,
2025-02-07,AMER League,AMER,AMER_T1,AMER_T5,AMER,AMER,2,0,3,,
2025-02-07,AMER League,AMER,AMER_T1,AMER_T8,AMER,AMER,0,2,3,,
2025-02-07,AMER League,AMER,AMER_T2,AMER_T6,AMER,AMER,2,0,3,,
2025-02-07,AMER League,AMER,AMER_T3,AMER_T6,AMER,AMER,1,2,3,,
2025-02-07,AMER League,AMER,AMER_T5,AMER_T7,AMER,AMER,2,1,3,,
2025-02-07,AMER League,AMER,AMER_T6,AMER_T8,AMER,AMER,2,1,3,,
2025-02-07,EMEA League,EMEA,EMEA_T1,EMEA_T7,EMEA,EMEA,2,1,3,,
2025-02-07,EMEA League,EMEA,EMEA_T1,EMEA_T8,EMEA,EMEA,0,2,3,,
2025-02-07,EMEA League,EMEA,EMEA_T3,EMEA_T5,EMEA,EMEA,1,2,3,,
2025-02-07,EMEA League,EMEA,EMEA_T6,EMEA_T7,EMEA,EMEA,2,1,3,,
2025-02-07,EMEA League,EMEA,EMEA_T7,EMEA_T8,EMEA,EMEA,0,2,3,,
2025-02-07,PAC League,PAC,PAC_T1,PAC_T2,PAC,PAC,2,1,3,,
2025-02-07,PAC League,PAC,PAC_T1,PAC_T3,PAC,PAC,1,2,3,,
2025-02-07,PAC League,PAC,PAC_T1,PAC_T4,PAC,PAC,1,2,3,,
2025-02-07,PAC League,PAC,PAC_T1,PAC_T5,PAC,PAC,2,1,3,,
2025-02-07,PAC League,PAC,PAC_T4,PAC_T7,PAC,PAC,0,2,3,,
2025-02-07,PAC League,PAC,PAC_T7,PAC_T8,PAC,PAC,2,1,3,,
2025-02-07,CN League,CN,CN_T1,CN_T4,CN,CN,2,0,3,,
2025-02-07,CN League,CN,CN_T4,CN_T8,CN,CN,0,2,3,,
2025-02-14,AMER League,AMER,AMER_T2,AMER_T8,AMER,AMER,2,0,3,,
2025-02-14,AMER League,AMER,AMER_T3,AMER_T4,AMER,AMER,2,0,3,,
2025-02-14,EMEA League,EMEA,EMEA_T1,EMEA_T3,EMEA,EMEA,2,1,3,,
2025-02-14,EMEA League,EMEA,EMEA_T1,EMEA_T4,EMEA,EMEA,2,0,3,,
2025-02-14,EMEA League,EMEA,EMEA_T2,EMEA_T3,EMEA,EMEA,0,2,3,,
2025-02-14,EMEA League,EMEA,EMEA_T3,EMEA_T4,EMEA,EMEA,2,0,3,,
2025-02-14,EMEA League,EMEA,EMEA_T3,EMEA_T6,EMEA,EMEA,2,0,3,,
2025-02-14,EMEA League,EMEA,EMEA_T4,EMEA_T8,EMEA,EMEA,0,2,3,,
2025-02-14,EMEA League,EMEA,EMEA_T6,EMEA_T7,EMEA,EMEA,2,1,3,,
2025-02-14,EMEA League,EMEA,EMEA_T7,EMEA_T8,EMEA,EMEA,0,2,3,,
2025-02-14,PAC League,PAC,PAC_T1,PAC_T8,PAC,PAC,2,1,3,,
2025-02-14,PAC League,PAC,PAC_T2,PAC_T3,PAC,PAC,1,2,3,,
2025-02-14,PAC League,PAC,PAC_T3,PAC_T5,PAC,PAC,1,2,3,,
2025-02-14,PAC League,PAC,PAC_T3,PAC_T6,PAC,PAC,1,2,3,,
2025-02-14,PAC League,PAC,PAC_T4,PAC_T6,PAC,PAC,2,0,3,,
2025-02-14,PAC League,PAC,PAC_T5,PAC_T6,PAC,PAC,2,0,3,,
2025-02-14,PAC League,PAC,PAC_T6,PAC_T7,PAC,PAC,0,2,3,,
2025-02-14,PAC League,PAC,PAC_T7,PAC_T8,PAC,PAC,1,2,3,,
2025-02-14,CN League,CN,CN_T1,CN_T7,CN,CN,2,0,3,,
2025-02-14,CN League,CN,CN_T1,CN_T8,CN,CN,0,2,3,,
2025-02-14,CN League,CN,CN_T2,CN_T5,CN,CN,2,0,3,,
2025-02-14,CN League,CN,CN_T2,CN_T8,CN,CN,2,0,3,,
2025-02-14,CN League,CN,CN_T3,CN_T5,CN,CN,2,0,3,,
2025-02-14,CN League,CN,CN_T4,CN_T6,CN,CN,2,0,3,,
2025-02-14,CN League,CN,CN_T5,CN_T7,CN,CN,2,1,3,,
2025-02-14,CN League,CN,CN_T6,CN_T8,CN,CN,2,0,3,,
2025-02-22,Masters 2025,INTL,CN_T3,EMEA_T3,CN,EMEA,2,0,3,,
2025-02-23,Masters 2025,INTL,AMER_T2,PAC_T7,AMER,PAC,0,2,3,,
2025-02-24,Masters 2025,INTL,AMER_T1,EMEA_T1,AMER,EMEA,0,2,3,,
2025-02-25,Masters 2025,INTL,CN_T3,AMER_T3,CN,AMER,0,2,3,,
2025-02-26,Masters 2025,INTL,PAC_T2,AMER_T1,PAC,AMER,2,1,3,,
2025-02-27,Masters 2025,INTL,CN_T2,PAC_T2,CN,PAC,0,2,3,,
2025-02-28,Masters 2025,INTL,EMEA_T3,CN_T8,EMEA,CN,2,0,3,,
2025-03-01,Masters 2025,INTL,CN_T2,PAC_T7,CN,PAC,2,0,3,,
2025-03-02,Masters 2025,INTL,PAC_T2,EMEA_T8,PAC,EMEA,2,0,3,,
2025-03-03,Masters 2025,INTL,EMEA_T8,PAC_T7,EMEA,PAC,2,0,3,,
2025-03-04,Masters 2025,INTL,CN_T3,AMER_T1,CN,AMER,1,2,3,,
2025-03-05,Masters 2025,INTL,EMEA_T1,PAC_T7,EMEA,PAC,0,2,3,,
2025-03-06,Masters 2025,INTL,PAC_T7,CN_T8,PAC,CN,2,0,3,,
2025-03-07,Masters 2025,INTL,PAC_T5,CN_T8,PAC,CN,2,0,3,,
2025-03-08,Masters 2025,INTL,CN_T2,AMER_T3,CN,AMER,0,2,3,,
2025-03-09,Masters 2025,INTL,PAC_T5,EMEA_T1,PAC,EMEA,2,0,3,,
2025-03-10,Masters 2025,INTL,AMER_T3,PAC_T2,AMER,PAC,0,2,3,,
2025-03-11,Masters 2025,INTL,CN_T2,AMER_T3,CN,AMER,1,2,3,,
2025-03-12,Masters 2025,INTL,CN_T2,AMER_T2,CN,AMER,1,2,3,,
2025-03-13,Masters 2025,INTL,AMER_T3,PAC_T2,AMER,PAC,0,2,3,,
2025-03-14,Masters 2025,INTL,AMER_T1,PAC_T5,AMER,PAC,2,0,3,,
2025-03-15,Masters 2025,INTL,CN_T8,PAC_T2,CN,PAC,0,2,3,,
2025-03-16,Masters 2025,INTL,PAC_T2,CN_T2,PAC,CN,2,0,3,,
2025-03-17,Masters 2025,INTL,AMER_T2,CN_T8,AMER,CN,2,0,3,,
2025-03-19,Masters 2025,INTL,CN_T2,AMER_T3,CN,AMER,0,2,3,,
2025-03-20,Masters 2025,INTL,PAC_T7,EMEA_T8,PAC,EMEA,1,2,3,,
2025-03-21,Masters 2025,INTL,EMEA_T1,PAC_T5,EMEA,PAC,1,2,3,,
2025-03-22,Masters 2025,INTL,EMEA_T3,AMER_T1,EMEA,AMER,2,1,3,,
2025-04-06,AMER League,AMER,AMER_T2,AMER_T4,AMER,AMER,2,0,3,,
2025-04-06,AMER League,AMER,AMER_T3,AMER_T6,AMER,AMER,0,2,3,,
2025-04-06,AMER League,AMER,AMER_T3,AMER_T7,AMER,AMER,2,1,3,,
2025-04-06,AMER League,AMER,AMER_T4,AMER_T6,AMER,AMER,1,2,3,,
2025-04-06,AMER League,AMER,AMER_T4,AMER_T7,AMER,AMER,2,1,3,,
2025-04-06,EMEA League,EMEA,EMEA_T1,EMEA_T3,EMEA,EMEA,1,2,3,,
2025-04-06,EMEA League,EMEA,EMEA_T1,EMEA_T6,EMEA,EMEA,2,0,3,,
2025-04-06,EMEA League,EMEA,EMEA_T1,EMEA_T7,EMEA,EMEA,2,0,3,,
2025-04-06,EMEA League,EMEA,EMEA_T2,EMEA_T6,EMEA,EMEA,0,2,3,,
2025-04-06,EMEA League,EMEA,EMEA_T2,EMEA_T8,EMEA,EMEA,1,2,3,,
2025-04-06,EMEA League,EMEA,EMEA_T3,EMEA_T7,EMEA,EMEA,0,2,3,,
2025-04-06,EMEA League,EMEA,EMEA_T4,EMEA_T7,EMEA,EMEA,0,2,3,,
2025-04-06,EMEA League,EMEA,EMEA_T5,EMEA_T6,EMEA,EMEA,0,2,3,,
2025-04-06,PAC League,PAC,PAC_T1,PAC_T5,PAC,PAC,1,2,3,,
2025-04-06,PAC League,PAC,PAC_T2,PAC_T5,PAC,PAC,2,1,3,,
2025-04-06,PAC League,PAC,PAC_T4,PAC_T7,PAC,PAC,0,2,3,,
2025-04-06,PAC League,PAC,PAC_T4,PAC_T8,PAC,PAC,2,1,3,,
2025-04-06,CN League,CN,CN_T1,CN_T2,CN,CN,2,0,3,,
2025-04-06,CN League,CN,CN_T1,CN_T5,CN,CN,2,0,3,,
2025-04-06,CN League,CN,CN_T1,CN_T6,CN,CN,0,2,3,,
2025-04-06,CN League,CN,CN_T1,CN_T7,CN,CN,1,2,3,,
2025-04-06,CN League,CN,CN_T2,CN_T4,CN,CN,1,2,3,,
2025-04-06,CN League,CN,CN_T2,CN_T5,CN,CN,2,1,3,,
2025-04-06,CN League,CN,CN_T2,CN_T7,CN,CN,2,0,3,,
2025-04-06,CN League,CN,CN_T2,CN_T8,CN,CN,2,0,3,,
2025-04-06,CN League,CN,CN_T3,CN_T8,CN,CN,1,2,3,,
2025-04-06,CN League,CN,CN_T4,CN_T5,CN,CN,2,1,3,,
2025-04-06,CN League,CN,CN_T6,CN_T7,CN,CN,1,2,3,,
2025-04-13,AMER League,AMER,AMER_T1,AMER_T2,AMER,AMER,0,2,3,,
2025-04-13,AMER League,AMER,AMER_T1,AMER_T3,AMER,AMER,2,0,3,,
2025-04-13,AMER League,AMER,AMER_T1,AMER_T4,AMER,AMER,1,2,3,,
2025-04-13,AMER League,AMER,AMER_T1,AMER_T7,AMER,AMER,2,0,3,,
2025-04-13,AMER League,AMER,AMER_T1,AMER_T8,AMER,AMER,2,0,3,,
2025-04-13,AMER League,AMER,AMER_T4,AMER_T8,AMER,AMER,2,1,3,,
2025-04-13,AMER League,AMER,AMER_T5,AMER_T7,AMER,AMER,1,2,3,,
2025-04-13,AMER League,AMER,AMER_T6,AMER_T8,AMER,AMER,2,1,3,,
2025-04-13,EMEA League,EMEA,EMEA_T1,EMEA_T4,EMEA,EMEA,2,0,3,,
2025-04-13,EMEA League,EMEA,EMEA_T1,EMEA_T5,EMEA,EMEA,1,2,3,,
2025-04-13,EMEA League,EMEA,EMEA_T1,EMEA_T7,EMEA,EMEA,1,2,3,,
2025-04-13,EMEA League,EMEA,EMEA_T1,EMEA_T8,EMEA,EMEA,2,1,3,,
2025-04-13,EMEA League,EMEA,EMEA_T2,EMEA_T3,EMEA,EMEA,0,2,3,,
2025-04-13,EMEA League,EMEA,EMEA_T5,EMEA_T8,EMEA,EMEA,0,2,3,,
2025-04-13,PAC League,PAC,PAC_T1,PAC_T7,PAC,PAC,1,2,3,,
2025-04-13,PAC League,PAC,PAC_T3,PAC_T8,PAC,PAC,2,0,3,,
2025-04-13,PAC League,PAC,PAC_T4,PAC_T5,PAC,PAC,2,1,3,,
2025-04-13,PAC League,PAC,PAC_T6,PAC_T7,PAC,PAC,1,2,3,,
2025-04-13,CN League,CN,CN_T1,CN_T5,CN,CN,2,1,3,,
2025-04-13,CN League,CN,CN_T1,CN_T6,CN,CN,2,1,3,,
2025-04-13,CN League,CN,CN_T1,CN_T7,CN,CN,2,0,3,,
2025-04-13,CN League,CN,CN_T2,CN_T7,CN,CN,1,2,3,,
2025-04-13,CN League,CN,CN_T2,CN_T8,CN,CN,2,0,3,,
2025-04-13,CN League,CN,CN_T3,CN_T5,CN,CN,1,2,3,,
2025-04-13,CN League,CN,CN_T3,CN_T6,CN,CN,0,2,3,,
2025-04-13,CN League,CN,CN_T4,CN_T6,CN,CN,2,0,3,,
2025-04-13,CN League,CN,CN_T4,CN_T8,CN,CN,2,0,3,,
2025-04-13,CN League,CN,CN_T5,CN_T6,CN,CN,0,2,3,,
2025-04-13,CN League,CN,CN_T6,CN_T7,CN,CN,1,2,3,,
2025-04-13,CN League,CN,CN_T6,CN_T8,CN,CN,2,1,3,,
2025-04-20,AMER League,AMER,AMER_T1,AMER_T2,AMER,AMER,1,2,3,,
2025-04-20,AMER League,AMER,AMER_T1,AMER_T3,AMER,AMER,2,0,3,,
2025-04-20,AMER League,AMER,AMER_T1,AMER_T7,AMER,AMER,2,0,3,,
2025-04-20,AMER League,AMER,AMER_T2,AMER_T6,AMER,AMER,2,0,3,,
2025-04-20,AMER League,AMER,AMER_T3,AMER_T8,AMER,AMER,1,2,3,,
2025-04-20,EMEA League,EMEA,EMEA_T2,EMEA_T6,EMEA,EMEA,2,1,3,,
2025-04-20,EMEA League,EMEA,EMEA_T4,EMEA_T8,EMEA,EMEA,0,2,3,,
2025-04-20,EMEA League,EMEA,EMEA_T5,EMEA_T7,EMEA,EMEA,2,0,3,,
2025-04-20,EMEA League,EMEA,EMEA_T6,EMEA_T8,EMEA,EMEA,2,0,3,,
2025-04-20,PAC League,PAC,PAC_T1,PAC_T3,PAC,PAC,0,2,3,,
2025-04-20,PAC League,PAC,PAC_T1,PAC_T5,PAC,PAC,0,2,3,,
2025-04-20,PAC League,PAC,PAC_T1,PAC_T6,PAC,PAC,1,2,3,,
2025-04-20,PAC League,PAC,PAC_T2,PAC_T7,PAC,PAC,2,1,3,,
2025-04-20,PAC League,PAC,PAC_T3,PAC_T5,PAC,PAC,2,1,3,,
2025-04-20,PAC League,PAC,PAC_T4,PAC_T5,PAC,PAC,1,2,3,,
2025-04-20,PAC League,PAC,PAC_T4,PAC_T7,PAC,PAC,1,2,3,,
2025-04-20,CN League,CN,CN_T1,CN_T2,CN,CN,2,0,3,,
2025-04-20,CN League,CN,CN_T2,CN_T5,CN,CN,2,0,3,,
2025-04-20,CN League,CN,CN_T2,CN_T7,CN,CN,0,2,3,,
2025-04-20,CN League,CN,CN_T2,CN_T8,CN,CN,2,0,3,,
2025-04-20,CN League,CN,CN_T3,CN_T6,CN,CN,2,1,3,,
2025-04-20,CN League,CN,CN_T3,CN_T7,CN,CN,2,0,3,,
2025-04-20,CN League,CN,CN_T3,CN_T8,CN,CN,2,1,3,,
2025-04-20,CN League,CN,CN_T4,CN_T5,CN,CN,2,1,3,,
2025-04-20,CN League,CN,CN_T5,CN_T7,CN,CN,1,2,3,,
2025-04-20,CN League,CN,CN_T5,CN_T8,CN,CN,2,1,3,,
2025-04-20,CN League,CN,CN_T7,CN_T8,CN,CN,2,1,3,,
2025-04-27,AMER League,AMER,AMER_T1,AMER_T8,AMER,AMER,2,0,3,,
2025-04-27,AMER League,AMER,AMER_T2,AMER_T3,AMER,AMER,0,2,3,,
2025-04-27,AMER League,AMER,AMER_T2,AMER_T4,AMER,AMER,2,0,3,,
2025-04-27,AMER League,AMER,AMER_T2,AMER_T6,AMER,AMER,2,0,3,,
2025-04-27,AMER League,AMER,AMER_T2,AMER_T7,AMER,AMER,2,0,3,,
2025-04-27,AMER League,AMER,AMER_T4,AMER_T5,AMER,AMER,0,2,3,,
2025-04-27,AMER League,AMER,AMER_T4,AMER_T8,AMER,AMER,1,2,3,,
2025-04-27,EMEA League,EMEA,EMEA_T1,EMEA_T5,EMEA,EMEA,2,0,3,,
2025-04-27,EMEA League,EMEA,EMEA_T2,EMEA_T3,EMEA,EMEA,0,2,3,,
2025-04-27,EMEA League,EMEA,EMEA_T2,EMEA_T4,EMEA,EMEA,2,0,3,,
2025-04-27,EMEA League,EMEA,EMEA_T2,EMEA_T5,EMEA,EMEA,1,2,3,,
2025-04-27,EMEA League,EMEA,EMEA_T3,EMEA_T8,EMEA,EMEA,1,2,3,,
2025-04-27,EMEA League,EMEA,EMEA_T4,EMEA_T6,EMEA,EMEA,1,2,3,,
2025-04-27,EMEA League,EMEA,EMEA_T6,EMEA_T8,EMEA,EMEA,2,1,3,,
2025-04-27,PAC League,PAC,PAC_T1,PAC_T3,PAC,PAC,2,1,3,,
2025-04-27,PAC League,PAC,PAC_T1,PAC_T6,PAC,PAC,0,2,3,,
2025-04-27,PAC League,PAC,PAC_T1,PAC_T7,PAC,PAC,2,0,3,,
2025-04-27,PAC League,PAC,PAC_T2,PAC_T4,PAC,PAC,2,0,3,,
2025-04-27,PAC League,PAC,PAC_T4,PAC_T8,PAC,PAC,2,1,3,,
2025-04-27,PAC League,PAC,PAC_T5,PAC_T6,PAC,PAC,2,0,3,,
2025-04-27,PAC League,PAC,PAC_T5,PAC_T7,PAC,PAC,1,2,3,,
2025-04-27,PAC League,PAC,PAC_T6,PAC_T7,PAC,PAC,2,1,3,,
2025-04-27,CN League,CN,CN_T1,CN_T4,CN,CN,2,0,3,,
2025-04-27,CN League,CN,CN_T1,CN_T5,CN,CN,2,0,3,,
2025-04-27,CN League,CN,CN_T1,CN_T7,CN,CN,2,0,3,,
2025-04-27,CN League,CN,CN_T3,CN_T5,CN,CN,2,0,3,,
2025-04-27,CN League,CN,CN_T3,CN_T7,CN,CN,2,0,3,,
2025-04-27,CN League,CN,CN_T6,CN_T7,CN,CN,2,1,3,,
2025-05-04,AMER League,AMER,AMER_T3,AMER_T5,AMER,AMER,1,2,3,,
2025-05-04,AMER League,AMER,AMER_T3,AMER_T6,AMER,AMER,0,2,3,,
2025-05-04,AMER League,AMER,AMER_T4,AMER_T8,AMER,AMER,2,0,3,,
2025-05-04,AMER League,AMER,AMER_T5,AMER_T7,AMER,AMER,1,2,3,,
2025-05-04,EMEA League,EMEA,EMEA_T1,EMEA_T3,EMEA,EMEA,2,1,3,,
2025-05-04,EMEA League,EMEA,EMEA_T2,EMEA_T3,EMEA,EMEA,2,1,3,,
2025-05-04,EMEA League,EMEA,EMEA_T2,EMEA_T5,EMEA,EMEA,1,2,3,,
2025-05-04,EMEA League,EMEA,EMEA_T2,EMEA_T7,EMEA,EMEA,2,1,3,,
2025-05-04,EMEA League,EMEA,EMEA_T2,EMEA_T8,EMEA,EMEA,0,2,3,,
2025-05-04,EMEA League,EMEA,EMEA_T4,EMEA_T5,EMEA,EMEA,0,2,3,,
2025-05-04,EMEA League,EMEA,EMEA_T5,EMEA_T6,EMEA,EMEA,2,1,3,,
2025-05-04,PAC League,PAC,PAC_T1,PAC_T5,PAC,PAC,2,1,3,,
2025-05-04,PAC League,PAC,PAC_T1,PAC_T7,PAC,PAC,0,2,3,,
2025-05-04,PAC League,PAC,PAC_T1,PAC_T8,PAC,PAC,2,1,3,,
2025-05-04,PAC League,PAC,PAC_T2,PAC_T6,PAC,PAC,2,0,3,,
2025-05-04,PAC League,PAC,PAC_T3,PAC_T5,PAC,PAC,1,2,3,,
2025-05-04,PAC League,PAC,PAC_T3,PAC_T8,PAC,PAC,2,0,3,,
2025-05-04,PAC League,PAC,PAC_T4,PAC_T8,PAC,PAC,1,2,3,,
2025-05-04,PAC League,PAC,PAC_T5,PAC_T8,PAC,PAC,2,1,3,,
2025-05-04,PAC League,PAC,PAC_T6,PAC_T7,PAC,PAC,1,2,3,,
2025-05-04,PAC League,PAC,PAC_T7,PAC_T8,PAC,PAC,2,0,3,,
2025-05-04,CN League,CN,CN_T1,CN_T2,CN,CN,2,0,3,,
2025-05-04,CN League,CN,CN_T1,CN_T4,CN,CN,2,0,3,,
2025-05-04,CN League,CN,CN_T2,CN_T4,CN,CN,2,0,3,,
2025-05-04,CN League,CN,CN_T5,CN_T8,CN,CN,2,0,3,,
2025-05-04,CN League,CN,CN_T6,CN_T8,CN,CN,0,2,3,,
2025-05-11,AMER League,AMER,AMER_T2,AMER_T6,AMER,AMER,1,2,3,,
2025-05-11,AMER League,AMER,AMER_T2,AMER_T7,AMER,AMER,1,2,3,,
2025-05-11,AMER League,AMER,AMER_T3,AMER_T6,AMER,AMER,2,1,3,,
2025-05-11,AMER League,AMER,AMER_T4,AMER_T7,AMER,AMER,2,0,3,,
2025-05-11,AMER League,AMER,AMER_T6,AMER_T7,AMER,AMER,2,0,3,,
2025-05-11,EMEA League,EMEA,EMEA_T1,EMEA_T4,EMEA,EMEA,2,1,3,,
2025-05-11,EMEA League,EMEA,EMEA_T1,EMEA_T6,EMEA,EMEA,2,1,3,,
2025-05-11,EMEA League,EMEA,EMEA_T2,EMEA_T5,EMEA,EMEA,2,0,3,,
2025-05-11,EMEA League,EMEA,EMEA_T2,EMEA_T6,EMEA,EMEA,2,0,3,,
2025-05-11,EMEA League,EMEA,EMEA_T2,EMEA_T8,EMEA,EMEA,0,2,3,,
2025-05-11,EMEA League,EMEA,EMEA_T3,EMEA_T4,EMEA,EMEA,2,0,3,,
2025-05-11,EMEA League,EMEA,EMEA_T3,EMEA_T7,EMEA,EMEA,2,0,3,,
2025-05-11,EMEA League,EMEA,EMEA_T4,EMEA_T6,EMEA,EMEA,1,2,3,,
2025-05-11,EMEA League,EMEA,EMEA_T4,EMEA_T7,EMEA,EMEA,1,2,3,,
2025-05-11,EMEA League,EMEA,EMEA_T5,EMEA_T7,EMEA,EMEA,2,0,3,,
2025-05-11,PAC League,PAC,PAC_T1,PAC_T3,PAC,PAC,2,0,3,,
2025-05-11,PAC League,PAC,PAC_T1,PAC_T8,PAC,PAC,2,0,3,,
2025-05-11,PAC League,PAC,PAC_T2,PAC_T3,PAC,PAC,2,0,3,,
2025-05-11,PAC League,PAC,PAC_T2,PAC_T6,PAC,PAC,0,2,3,,
2025-05-11,PAC League,PAC,PAC_T2,PAC_T7,PAC,PAC,2,1,3,,
2025-05-11,PAC League,PAC,PAC_T4,PAC_T5,PAC,PAC,0,2,3,,
2025-05-11,PAC League,PAC,PAC_T5,PAC_T7,PAC,PAC,2,1,3,,
2025-05-11,PAC League,PAC,PAC_T5,PAC_T8,PAC,PAC,2,0,3,,
2025-05-11,PAC League,PAC,PAC_T6,PAC_T8,PAC,PAC,1,2,3,,
2025-05-11,CN League,CN,CN_T1,CN_T4,CN,CN,0,2,3,,
2025-05-11,CN League,CN,CN_T2,CN_T8,CN,CN,0,2,3,,
2025-05-11,CN League,CN,CN_T3,CN_T5,CN,CN,2,1,3,,
2025-05-11,CN League,CN,CN_T3,CN_T7,CN,CN,2,1,3,,
2025-05-11,CN League,CN,CN_T5,CN_T6,CN,CN,1,2,3,,
2025-05-18,Champions 2026,INTL,PAC_T5,CN_T3,PAC,CN,2,0,3,,
2025-05-19,Champions 2026,INTL,AMER_T3,PAC_T5,AMER,PAC,0,2,3,,
2025-05-20,Champions 2026,INTL,AMER_T3,EMEA_T1,AMER,EMEA,0,2,3,,
2025-05-21,Champions 2026,INTL,CN_T8,PAC_T2,CN,PAC,0,2,3,,
2025-05-23,Champions 2026,INTL,CN_T8,EMEA_T3,CN,EMEA,2,0,3,,
2025-05-24,Champions 2026,INTL,AMER_T3,PAC_T5,AMER,PAC,0,2,3,,
2025-05-26,Champions 2026,INTL,EMEA_T8,PAC_T7,EMEA,PAC,1,2,3,,
2025-05-27,Champions 2026,INTL,AMER_T3,PAC_T5,AMER,PAC,0,2,3,,
2025-05-29,Champions 2026,INTL,EMEA_T1,PAC_T7,EMEA,PAC,2,1,3,,
2025-05-31,Champions 2026,INTL,CN_T2,AMER_T1,CN,AMER,1,2,3,,
2025-06-01,Champions 2026,INTL,CN_T3,PAC_T7,CN,PAC,0,2,3,,
2025-06-02,Champions 2026,INTL,AMER_T1,CN_T3,AMER,CN,2,0,3,,
2025-06-04,Champions 2026,INTL,PAC_T5,AMER_T1,PAC,AMER,0,2,3,,
2025-06-06,Champions 2026,INTL,AMER_T2,EMEA_T3,AMER,EMEA,1,2,3,,
2025-06-07,Champions 2026,INTL,AMER_T1,PAC_T7,AMER,PAC,0,2,3,,
2025-06-08,Champions 2026,INTL,EMEA_T3,AMER_T3,EMEA,AMER,2,0,3,,
2025-06-09,Champions 2026,INTL,EMEA_T3,AMER_T1,EMEA,AMER,0,2,3,,
2025-06-10,Champions 2026,INTL,CN_T2,PAC_T2,CN,PAC,1,2,3,,
2025-06-11,Champions 2026,INTL,EMEA_T3,AMER_T1,EMEA,AMER,1,2,3,,
2025-06-12,Champions 2026,INTL,AMER_T2,PAC_T2,AMER,PAC,1,2,3,,
2025-06-13,Champions 2026,INTL,PAC_T2,AMER_T1,PAC,AMER,2,1,3,,
2025-06-14,Champions 2026,INTL,CN_T8,PAC_T2,CN,PAC,0,2,3,,
2025-06-15,Champions 2026,INTL,EMEA_T1,PAC_T7,EMEA,PAC,0,2,3,,
2025-06-16,Champions 2026,INTL,EMEA_T3,CN_T3,EMEA,CN,2,1,3,,
